cell,sact_days,pigbm_days,freq_days,sact_max,pigbm_max,freq5_days,sact5_days,pigbm5_days,n_ls,has_ls,peak_FREQ,peak_SACT_a,peak_PIGBM_a,peak_FREQ5,peak_SACT5,peak_PIGBM5,state
0,58,61,57,0.00593903,0.52924,14,49,10,0,False,True,True,True,True,True,True,Kerala
5,60,57,60,0.00429221,0.585324,7,29,6,1,True,True,True,True,True,True,True,Kerala
11,83,42,81,0.00423626,0.333941,4,64,9,0,False,True,True,True,False,True,True,Kerala
12,63,57,67,0.00313201,0.468891,16,7,8,0,False,True,True,True,True,True,True,Kerala
17,86,41,84,0.00800094,0.316325,3,70,14,0,False,True,True,True,False,True,True,Kerala
18,83,46,82,0.00452818,0.340307,18,35,9,0,False,True,True,True,True,True,True,Kerala
19,73,41,75,0.00408046,0.484497,24,31,11,0,False,True,True,True,True,True,True,Kerala
25,83,50,83,0.00957927,0.357788,22,81,13,0,False,True,True,True,True,True,True,Kerala
26,85,51,85,0.00465028,0.504779,26,49,13,1,True,True,True,True,True,True,True,Kerala
27,60,50,66,0.00247632,0.446074,6,0,5,68,True,True,True,True,True,False,True,Kerala
28,6,1,12,0.000893317,0.0345056,0,0,0,36,True,True,True,True,False,False,False,Kerala
36,86,49,83,0.0083999,0.308938,32,81,14,0,False,True,True,True,True,True,True,Kerala
37,86,45,85,0.00646465,0.265728,18,76,6,0,False,True,True,True,False,True,True,Kerala
38,86,64,86,0.00663602,0.589958,72,68,27,8,True,True,True,True,True,True,True,Kerala
39,84,59,84,0.00522591,0.564787,69,45,24,64,True,True,True,True,True,True,True,Kerala
40,3,0,11,0.00070665,0.0298657,0,0,0,11,True,True,True,False,False,False,False,Kerala
49,87,51,87,0.0114793,0.398533,62,86,20,0,False,True,True,True,True,True,True,Kerala
50,90,57,90,0.00809374,0.571503,49,82,26,0,False,True,True,True,True,True,True,Kerala
51,91,74,91,0.00458636,0.577232,62,75,39,104,True,True,True,True,True,True,True,Kerala
52,83,60,85,0.00479369,0.678994,59,44,29,544,True,True,True,True,True,True,True,Kerala
61,88,66,87,0.00604866,0.665858,6,85,30,0,False,True,True,True,False,True,True,Kerala
62,90,58,90,0.00708308,0.538889,9,86,24,5,True,True,True,True,True,True,True,Kerala
63,91,89,91,0.00363061,0.87015,39,42,53,125,True,True,True,True,True,True,True,Kerala
64,89,58,89,0.00478371,0.594328,47,43,30,1244,True,True,True,True,True,True,True,Kerala
73,89,44,87,0.00664469,0.608586,7,82,9,0,False,True,True,True,False,True,True,Kerala
74,87,59,87,0.00657929,0.562842,13,78,18,0,False,True,True,True,False,True,True,Kerala
75,86,62,87,0.00439073,0.630908,17,74,25,127,True,True,True,True,False,True,True,Kerala
76,83,56,85,0.00415487,0.593157,55,35,19,104,True,True,True,True,True,True,True,Kerala
77,85,78,87,0.00432931,0.672426,54,43,32,105,True,True,True,True,True,True,True,Kerala
87,81,50,81,0.00761572,0.658315,30,71,14,0,False,True,True,True,True,True,True,Kerala
88,82,46,82,0.00602768,0.586154,35,68,11,21,True,True,True,True,True,True,True,Kerala
89,81,55,82,0.00503888,0.562046,57,58,13,145,True,True,True,True,True,True,True,Kerala
90,82,55,83,0.00426551,0.526046,43,36,17,311,True,True,True,True,True,True,True,Kerala
104,82,53,82,0.00594693,0.56627,32,69,13,0,False,True,True,True,False,True,True,Kerala
105,83,60,83,0.00697709,0.502115,78,72,18,5,True,True,True,True,True,True,True,Kerala
106,81,54,80,0.00786336,0.568555,64,69,19,14,True,True,True,True,True,True,True,Kerala
107,77,70,74,0.00577205,0.50429,23,69,22,83,True,True,True,True,False,True,True,Kerala
120,88,61,87,0.00811402,0.49698,30,83,16,0,False,True,True,True,False,True,True,Kerala
121,81,56,81,0.00800347,0.580524,72,72,14,0,False,True,True,True,True,True,True,Kerala
122,79,58,76,0.00660738,0.542733,70,66,16,29,True,True,True,True,True,True,True,Kerala
123,82,59,82,0.00548509,0.472007,57,68,13,230,True,True,True,True,True,True,True,Kerala
137,87,61,88,0.00398151,0.632802,22,70,13,0,False,True,True,True,False,True,True,Kerala
138,80,55,80,0.00794061,0.574697,74,68,17,142,True,True,True,True,True,True,True,Kerala
139,83,45,82,0.00938826,0.482334,56,68,15,138,True,True,True,True,True,True,True,Kerala
140,56,75,70,0.00140488,0.447474,0,0,4,184,True,True,True,True,False,False,True,Kerala
155,89,63,89,0.00655757,0.44861,80,76,18,8,True,True,True,True,True,True,True,Kerala
156,85,68,86,0.00610679,0.458281,78,74,19,280,True,True,True,True,True,True,True,Kerala
157,66,21,70,0.00176556,0.127942,0,0,0,54,True,True,True,True,False,False,False,Kerala
173,89,61,89,0.00751982,0.508646,80,80,21,0,False,True,True,True,True,True,True,Kerala
174,86,55,86,0.00688306,0.388764,77,74,17,31,True,True,True,True,True,True,True,Kerala
175,89,67,89,0.00633504,0.279016,26,73,13,124,True,True,True,True,False,True,True,Kerala
176,86,87,85,0.00777461,0.467648,19,84,26,0,False,True,True,True,False,True,True,Kerala
192,89,70,89,0.00485985,0.431982,81,78,26,0,False,True,True,True,True,True,True,Kerala
193,89,65,90,0.00608068,0.563387,80,79,28,0,False,True,True,True,True,True,True,Kerala
194,86,47,88,0.00406961,0.31822,13,48,10,37,True,True,True,True,False,True,True,Kerala
211,88,74,88,0.00483845,0.503171,61,76,30,0,False,True,True,True,True,True,True,Kerala
212,90,74,90,0.00436394,0.605454,87,80,37,10,True,True,True,True,True,True,True,Kerala
213,90,61,91,0.00505429,0.505755,84,82,14,18,True,True,True,True,True,True,True,Kerala
231,90,76,91,0.00636086,0.487513,85,85,31,2,True,True,True,True,True,True,True,Kerala
232,88,67,88,0.00679662,0.526914,85,84,29,5,True,True,True,True,True,True,True,Kerala
253,92,77,92,0.0046247,0.594369,42,81,33,1,True,True,True,True,True,True,True,Kerala
