cell,lat,lon
0,8.25,77.0
1,8.25,77.25
2,8.25,77.5
3,8.25,77.75
4,8.5,76.75
5,8.5,77.0
6,8.5,77.25
7,8.5,77.5
8,8.5,77.75
9,8.5,78.0
10,8.75,76.5
11,8.75,76.75
12,8.75,77.0
13,8.75,77.25
14,8.75,77.5
15,8.75,77.75
16,8.75,78.0
17,9.0,76.5
18,9.0,76.75
19,9.0,77.0
20,9.0,77.25
21,9.0,77.5
22,9.0,77.75
23,9.0,78.0
24,9.25,76.25
25,9.25,76.5
26,9.25,76.75
27,9.25,77.0
28,9.25,77.25
29,9.25,77.5
30,9.25,77.75
31,9.25,78.0
32,9.25,78.25
33,9.25,78.5
34,9.25,78.75
35,9.25,79.25
36,9.5,76.25
37,9.5,76.5
38,9.5,76.75
39,9.5,77.0
40,9.5,77.25
41,9.5,77.5
42,9.5,77.75
43,9.5,78.0
44,9.5,78.25
45,9.5,78.5
46,9.5,78.75
47,9.5,79.0
48,9.5,79.25
49,9.75,76.25
50,9.75,76.5
51,9.75,76.75
52,9.75,77.0
53,9.75,77.25
54,9.75,77.5
55,9.75,77.75
56,9.75,78.0
57,9.75,78.25
58,9.75,78.5
59,9.75,78.75
60,10.0,76.0
61,10.0,76.25
62,10.0,76.5
63,10.0,76.75
64,10.0,77.0
65,10.0,77.25
66,10.0,77.5
67,10.0,77.75
68,10.0,78.0
69,10.0,78.25
70,10.0,78.5
71,10.0,78.75
72,10.0,79.0
73,10.25,76.0
74,10.25,76.25
75,10.25,76.5
76,10.25,76.75
77,10.25,77.0
78,10.25,77.25
79,10.25,77.5
80,10.25,77.75
81,10.25,78.0
82,10.25,78.25
83,10.25,78.5
84,10.25,78.75
85,10.25,79.0
86,10.25,79.25
87,10.5,76.0
88,10.5,76.25
89,10.5,76.5
90,10.5,76.75
91,10.5,77.0
92,10.5,77.25
93,10.5,77.5
94,10.5,77.75
95,10.5,78.0
96,10.5,78.25
97,10.5,78.5
98,10.5,78.75
99,10.5,79.0
100,10.5,79.25
101,10.5,79.5
102,10.5,79.75
103,10.75,75.75
104,10.75,76.0
105,10.75,76.25
106,10.75,76.5
107,10.75,76.75
108,10.75,77.0
109,10.75,77.25
110,10.75,77.5
111,10.75,77.75
112,10.75,78.0
113,10.75,78.25
114,10.75,78.5
115,10.75,78.75
116,10.75,79.0
117,10.75,79.25
118,10.75,79.5
119,10.75,79.75
120,11.0,75.75
121,11.0,76.0
122,11.0,76.25
123,11.0,76.5
124,11.0,76.75
125,11.0,77.0
126,11.0,77.25
127,11.0,77.5
128,11.0,77.75
129,11.0,78.0
130,11.0,78.25
131,11.0,78.5
132,11.0,78.75
133,11.0,79.0
134,11.0,79.25
135,11.0,79.5
136,11.0,79.75
137,11.25,75.75
138,11.25,76.0
139,11.25,76.25
140,11.25,76.5
141,11.25,76.75
142,11.25,77.0
143,11.25,77.25
144,11.25,77.5
145,11.25,77.75
146,11.25,78.0
147,11.25,78.25
148,11.25,78.5
149,11.25,78.75
150,11.25,79.0
151,11.25,79.25
152,11.25,79.5
153,11.25,79.75
154,11.5,75.5
155,11.5,75.75
156,11.5,76.0
157,11.5,76.25
158,11.5,76.5
159,11.5,76.75
160,11.5,77.0
161,11.5,77.25
162,11.5,77.5
163,11.5,77.75
164,11.5,78.0
165,11.5,78.25
166,11.5,78.5
167,11.5,78.75
168,11.5,79.0
169,11.5,79.25
170,11.5,79.5
171,11.5,79.75
172,11.75,75.25
173,11.75,75.5
174,11.75,75.75
175,11.75,76.0
176,11.75,76.25
177,11.75,76.5
178,11.75,76.75
179,11.75,77.0
180,11.75,77.25
181,11.75,77.5
182,11.75,77.75
183,11.75,78.0
184,11.75,78.25
185,11.75,78.5
186,11.75,78.75
187,11.75,79.0
188,11.75,79.25
189,11.75,79.5
190,11.75,79.75
191,12.0,75.0
192,12.0,75.25
193,12.0,75.5
194,12.0,75.75
195,12.0,76.0
196,12.0,76.25
197,12.0,76.5
198,12.0,76.75
199,12.0,77.0
200,12.0,77.25
201,12.0,77.5
202,12.0,77.75
203,12.0,78.0
204,12.0,78.25
205,12.0,78.5
206,12.0,78.75
207,12.0,79.0
208,12.0,79.25
209,12.0,79.5
210,12.0,79.75
211,12.25,75.0
212,12.25,75.25
213,12.25,75.5
214,12.25,75.75
215,12.25,76.0
216,12.25,76.25
217,12.25,76.5
218,12.25,76.75
219,12.25,77.0
220,12.25,77.25
221,12.25,77.5
222,12.25,77.75
223,12.25,78.0
224,12.25,78.25
225,12.25,78.5
226,12.25,78.75
227,12.25,79.0
228,12.25,79.25
229,12.25,79.5
230,12.25,79.75
231,12.5,75.0
232,12.5,75.25
233,12.5,75.5
234,12.5,75.75
235,12.5,76.0
236,12.5,76.25
237,12.5,76.5
238,12.5,76.75
239,12.5,77.0
240,12.5,77.25
241,12.5,77.5
242,12.5,77.75
243,12.5,78.0
244,12.5,78.25
245,12.5,78.5
246,12.5,78.75
247,12.5,79.0
248,12.5,79.25
249,12.5,79.5
250,12.5,79.75
251,12.5,80.0
252,12.75,74.75
253,12.75,75.0
254,12.75,75.25
255,12.75,75.5
256,12.75,75.75
257,12.75,76.0
258,12.75,76.25
259,12.75,76.5
260,12.75,76.75
261,12.75,77.0
262,12.75,77.25
263,12.75,77.5
264,12.75,77.75
265,12.75,78.0
266,12.75,78.25
267,12.75,78.5
268,12.75,78.75
269,12.75,79.0
270,12.75,79.25
271,12.75,79.5
272,12.75,79.75
273,12.75,80.0
274,13.0,74.75
275,13.0,75.0
276,13.0,75.25
277,13.0,75.5
278,13.0,75.75
279,13.0,76.0
280,13.0,76.25
281,13.0,76.5
282,13.0,76.75
283,13.0,77.0
284,13.0,77.25
285,13.0,77.5
286,13.0,77.75
287,13.0,78.0
288,13.0,78.25
289,13.0,78.5
290,13.0,78.75
291,13.0,79.0
292,13.0,79.25
293,13.0,79.5
294,13.0,79.75
295,13.0,80.0
296,13.25,74.5
297,13.25,74.75
298,13.25,75.0
299,13.25,75.25
300,13.25,75.5
301,13.25,75.75
302,13.25,76.0
303,13.25,76.25
304,13.25,76.5
305,13.25,76.75
306,13.25,77.0
307,13.25,77.25
308,13.25,77.5
309,13.25,77.75
310,13.25,78.0
311,13.25,78.25
312,13.25,78.5
313,13.25,78.75
314,13.25,79.0
315,13.25,79.25
316,13.25,79.5
317,13.25,79.75
318,13.25,80.0
319,13.25,80.25
320,13.5,74.5
321,13.5,74.75
322,13.5,75.0
323,13.5,75.25
324,13.5,75.5
325,13.5,75.75
326,13.5,76.0
327,13.5,76.25
328,13.5,76.5
329,13.5,76.75
330,13.5,77.0
331,13.5,77.25
332,13.5,77.5
333,13.5,77.75
334,13.5,78.0
335,13.5,78.25
336,13.5,78.5
337,13.5,78.75
338,13.5,79.0
339,13.5,79.25
340,13.5,79.5
341,13.5,79.75
342,13.5,80.0
343,13.5,80.25
344,13.75,74.5
345,13.75,74.75
346,13.75,75.0
347,13.75,75.25
348,13.75,75.5
349,13.75,75.75
350,13.75,76.0
351,13.75,76.25
352,13.75,76.5
353,13.75,76.75
354,13.75,77.0
355,13.75,77.25
356,13.75,77.5
357,13.75,77.75
358,13.75,78.0
359,13.75,78.25
360,13.75,78.5
361,13.75,78.75
362,13.75,79.0
363,13.75,79.25
364,13.75,79.5
365,13.75,79.75
366,13.75,80.0
367,13.75,80.25
368,14.0,74.5
369,14.0,74.75
370,14.0,75.0
371,14.0,75.25
372,14.0,75.5
373,14.0,75.75
374,14.0,76.0
375,14.0,76.25
376,14.0,76.5
377,14.0,76.75
378,14.0,77.0
379,14.0,77.25
380,14.0,77.5
381,14.0,77.75
382,14.0,78.0
383,14.0,78.25
384,14.0,78.5
385,14.0,78.75
386,14.0,79.0
387,14.0,79.25
388,14.0,79.5
389,14.0,79.75
390,14.0,80.0
391,14.25,74.25
392,14.25,74.5
393,14.25,74.75
394,14.25,75.0
395,14.25,75.25
396,14.25,75.5
397,14.25,75.75
398,14.25,76.0
399,14.25,76.25
400,14.25,76.5
401,14.25,76.75
402,14.25,77.0
403,14.25,77.25
404,14.25,77.5
405,14.25,77.75
406,14.25,78.0
407,14.25,78.25
408,14.25,78.5
409,14.25,78.75
410,14.25,79.0
411,14.25,79.25
412,14.25,79.5
413,14.25,79.75
414,14.25,80.0
415,14.5,74.25
416,14.5,74.5
417,14.5,74.75
418,14.5,75.0
419,14.5,75.25
420,14.5,75.5
421,14.5,75.75
422,14.5,76.0
423,14.5,76.25
424,14.5,76.5
425,14.5,76.75
426,14.5,77.0
427,14.5,77.25
428,14.5,77.5
429,14.5,77.75
430,14.5,78.0
431,14.5,78.25
432,14.5,78.5
433,14.5,78.75
434,14.5,79.0
435,14.5,79.25
436,14.5,79.5
437,14.5,79.75
438,14.5,80.0
439,14.75,74.25
440,14.75,74.5
441,14.75,74.75
442,14.75,75.0
443,14.75,75.25
444,14.75,75.5
445,14.75,75.75
446,14.75,76.0
447,14.75,76.25
448,14.75,76.5
449,14.75,76.75
450,14.75,77.0
451,14.75,77.25
452,14.75,77.5
453,14.75,77.75
454,14.75,78.0
455,14.75,78.25
456,14.75,78.5
457,14.75,78.75
458,14.75,79.0
459,14.75,79.25
460,14.75,79.5
461,14.75,79.75
462,14.75,80.0
463,15.0,74.0
464,15.0,74.25
465,15.0,74.5
466,15.0,74.75
467,15.0,75.0
468,15.0,75.25
469,15.0,75.5
470,15.0,75.75
471,15.0,76.0
472,15.0,76.25
473,15.0,76.5
474,15.0,76.75
475,15.0,77.0
476,15.0,77.25
477,15.0,77.5
478,15.0,77.75
479,15.0,78.0
480,15.0,78.25
481,15.0,78.5
482,15.0,78.75
483,15.0,79.0
484,15.0,79.25
485,15.0,79.5
486,15.0,79.75
487,15.0,80.0
488,15.25,73.75
489,15.25,74.0
490,15.25,74.25
491,15.25,74.5
492,15.25,74.75
493,15.25,75.0
494,15.25,75.25
495,15.25,75.5
496,15.25,75.75
497,15.25,76.0
498,15.25,76.25
499,15.25,76.5
500,15.25,76.75
501,15.25,77.0
502,15.25,77.25
503,15.25,77.5
504,15.25,77.75
505,15.25,78.0
506,15.25,78.25
507,15.25,78.5
508,15.25,78.75
509,15.25,79.0
510,15.25,79.25
511,15.25,79.5
512,15.25,79.75
513,15.25,80.0
514,15.5,73.75
515,15.5,74.0
516,15.5,74.25
517,15.5,74.5
518,15.5,74.75
519,15.5,75.0
520,15.5,75.25
521,15.5,75.5
522,15.5,75.75
523,15.5,76.0
524,15.5,76.25
525,15.5,76.5
526,15.5,76.75
527,15.5,77.0
528,15.5,77.25
529,15.5,77.5
530,15.5,77.75
531,15.5,78.0
532,15.5,78.25
533,15.5,78.5
534,15.5,78.75
535,15.5,79.0
536,15.5,79.25
537,15.5,79.5
538,15.5,79.75
539,15.5,80.0
540,15.75,73.5
541,15.75,73.75
542,15.75,74.0
543,15.75,74.25
544,15.75,74.5
545,15.75,74.75
546,15.75,75.0
547,15.75,75.25
548,15.75,75.5
549,15.75,75.75
550,15.75,76.0
551,15.75,76.25
552,15.75,76.5
553,15.75,76.75
554,15.75,77.0
555,15.75,77.25
556,15.75,77.5
557,15.75,77.75
558,15.75,78.0
559,15.75,78.25
560,15.75,78.5
561,15.75,78.75
562,15.75,79.0
563,15.75,79.25
564,15.75,79.5
565,15.75,79.75
566,15.75,80.0
567,15.75,80.25
568,15.75,80.75
569,16.0,73.5
570,16.0,73.75
571,16.0,74.0
572,16.0,74.25
573,16.0,74.5
574,16.0,74.75
575,16.0,75.0
576,16.0,75.25
577,16.0,75.5
578,16.0,75.75
579,16.0,76.0
580,16.0,76.25
581,16.0,76.5
582,16.0,76.75
583,16.0,77.0
584,16.0,77.25
585,16.0,77.5
586,16.0,77.75
587,16.0,78.0
588,16.0,78.25
589,16.0,78.5
590,16.0,78.75
591,16.0,79.0
592,16.0,79.25
593,16.0,79.5
594,16.0,79.75
595,16.0,80.0
596,16.0,80.25
597,16.0,80.5
598,16.0,80.75
599,16.0,81.0
600,16.25,73.25
601,16.25,73.5
602,16.25,73.75
603,16.25,74.0
604,16.25,74.25
605,16.25,74.5
606,16.25,74.75
607,16.25,75.0
608,16.25,75.25
609,16.25,75.5
610,16.25,75.75
611,16.25,76.0
612,16.25,76.25
613,16.25,76.5
614,16.25,76.75
615,16.25,77.0
616,16.25,77.25
617,16.25,77.5
618,16.25,77.75
619,16.25,78.0
620,16.25,78.25
621,16.25,78.5
622,16.25,78.75
623,16.25,79.0
624,16.25,79.25
625,16.25,79.5
626,16.25,79.75
627,16.25,80.0
628,16.25,80.25
629,16.25,80.5
630,16.25,80.75
631,16.25,81.0
632,16.5,73.25
633,16.5,73.5
634,16.5,73.75
635,16.5,74.0
636,16.5,74.25
637,16.5,74.5
638,16.5,74.75
639,16.5,75.0
640,16.5,75.25
641,16.5,75.5
642,16.5,75.75
643,16.5,76.0
644,16.5,76.25
645,16.5,76.5
646,16.5,76.75
647,16.5,77.0
648,16.5,77.25
649,16.5,77.5
650,16.5,77.75
651,16.5,78.0
652,16.5,78.25
653,16.5,78.5
654,16.5,78.75
655,16.5,79.0
656,16.5,79.25
657,16.5,79.5
658,16.5,79.75
659,16.5,80.0
660,16.5,80.25
661,16.5,80.5
662,16.5,80.75
663,16.5,81.0
664,16.5,81.25
665,16.5,81.5
666,16.5,81.75
667,16.5,82.0
668,16.75,73.25
669,16.75,73.5
670,16.75,73.75
671,16.75,74.0
672,16.75,74.25
673,16.75,74.5
674,16.75,74.75
675,16.75,75.0
676,16.75,75.25
677,16.75,75.5
678,16.75,75.75
679,16.75,76.0
680,16.75,76.25
681,16.75,76.5
682,16.75,76.75
683,16.75,77.0
684,16.75,77.25
685,16.75,77.5
686,16.75,77.75
687,16.75,78.0
688,16.75,78.25
689,16.75,78.5
690,16.75,78.75
691,16.75,79.0
692,16.75,79.25
693,16.75,79.5
694,16.75,79.75
695,16.75,80.0
696,16.75,80.25
697,16.75,80.5
698,16.75,80.75
699,16.75,81.0
700,16.75,81.25
701,16.75,81.5
702,16.75,81.75
703,16.75,82.0
704,16.75,82.25
705,17.0,73.25
706,17.0,73.5
707,17.0,73.75
708,17.0,74.0
709,17.0,74.25
710,17.0,74.5
711,17.0,74.75
712,17.0,75.0
713,17.0,75.25
714,17.0,75.5
715,17.0,75.75
716,17.0,76.0
717,17.0,76.25
718,17.0,76.5
719,17.0,76.75
720,17.0,77.0
721,17.0,77.25
722,17.0,77.5
723,17.0,77.75
724,17.0,78.0
725,17.0,78.25
726,17.0,78.5
727,17.0,78.75
728,17.0,79.0
729,17.0,79.25
730,17.0,79.5
731,17.0,79.75
732,17.0,80.0
733,17.0,80.25
734,17.0,80.5
735,17.0,80.75
736,17.0,81.0
737,17.0,81.25
738,17.0,81.5
739,17.0,81.75
740,17.0,82.0
741,17.0,82.25
742,17.25,73.25
743,17.25,73.5
744,17.25,73.75
745,17.25,74.0
746,17.25,74.25
747,17.25,74.5
748,17.25,74.75
749,17.25,75.0
750,17.25,75.25
751,17.25,75.5
752,17.25,75.75
753,17.25,76.0
754,17.25,76.25
755,17.25,76.5
756,17.25,76.75
757,17.25,77.0
758,17.25,77.25
759,17.25,77.5
760,17.25,77.75
761,17.25,78.0
762,17.25,78.25
763,17.25,78.5
764,17.25,78.75
765,17.25,79.0
766,17.25,79.25
767,17.25,79.5
768,17.25,79.75
769,17.25,80.0
770,17.25,80.25
771,17.25,80.5
772,17.25,80.75
773,17.25,81.0
774,17.25,81.25
775,17.25,81.5
776,17.25,81.75
777,17.25,82.0
778,17.25,82.25
779,17.25,82.5
780,17.5,73.0
781,17.5,73.25
782,17.5,73.5
783,17.5,73.75
784,17.5,74.0
785,17.5,74.25
786,17.5,74.5
787,17.5,74.75
788,17.5,75.0
789,17.5,75.25
790,17.5,75.5
791,17.5,75.75
792,17.5,76.0
793,17.5,76.25
794,17.5,76.5
795,17.5,76.75
796,17.5,77.0
797,17.5,77.25
798,17.5,77.5
799,17.5,77.75
800,17.5,78.0
801,17.5,78.25
802,17.5,78.5
803,17.5,78.75
804,17.5,79.0
805,17.5,79.25
806,17.5,79.5
807,17.5,79.75
808,17.5,80.0
809,17.5,80.25
810,17.5,80.5
811,17.5,80.75
812,17.5,81.0
813,17.5,81.25
814,17.5,81.5
815,17.5,81.75
816,17.5,82.0
817,17.5,82.25
818,17.5,82.5
819,17.5,82.75
820,17.75,73.0
821,17.75,73.25
822,17.75,73.5
823,17.75,73.75
824,17.75,74.0
825,17.75,74.25
826,17.75,74.5
827,17.75,74.75
828,17.75,75.0
829,17.75,75.25
830,17.75,75.5
831,17.75,75.75
832,17.75,76.0
833,17.75,76.25
834,17.75,76.5
835,17.75,76.75
836,17.75,77.0
837,17.75,77.25
838,17.75,77.5
839,17.75,77.75
840,17.75,78.0
841,17.75,78.25
842,17.75,78.5
843,17.75,78.75
844,17.75,79.0
845,17.75,79.25
846,17.75,79.5
847,17.75,79.75
848,17.75,80.0
849,17.75,80.25
850,17.75,80.5
851,17.75,80.75
852,17.75,81.0
853,17.75,81.25
854,17.75,81.5
855,17.75,81.75
856,17.75,82.0
857,17.75,82.25
858,17.75,82.5
859,17.75,82.75
860,17.75,83.0
861,17.75,83.25
862,18.0,73.0
863,18.0,73.25
864,18.0,73.5
865,18.0,73.75
866,18.0,74.0
867,18.0,74.25
868,18.0,74.5
869,18.0,74.75
870,18.0,75.0
871,18.0,75.25
872,18.0,75.5
873,18.0,75.75
874,18.0,76.0
875,18.0,76.25
876,18.0,76.5
877,18.0,76.75
878,18.0,77.0
879,18.0,77.25
880,18.0,77.5
881,18.0,77.75
882,18.0,78.0
883,18.0,78.25
884,18.0,78.5
885,18.0,78.75
886,18.0,79.0
887,18.0,79.25
888,18.0,79.5
889,18.0,79.75
890,18.0,80.0
891,18.0,80.25
892,18.0,80.5
893,18.0,80.75
894,18.0,81.0
895,18.0,81.25
896,18.0,81.5
897,18.0,81.75
898,18.0,82.0
899,18.0,82.25
900,18.0,82.5
901,18.0,82.75
902,18.0,83.0
903,18.0,83.25
904,18.0,83.5
905,18.25,72.75
906,18.25,73.0
907,18.25,73.25
908,18.25,73.5
909,18.25,73.75
910,18.25,74.0
911,18.25,74.25
912,18.25,74.5
913,18.25,74.75
914,18.25,75.0
915,18.25,75.25
916,18.25,75.5
917,18.25,75.75
918,18.25,76.0
919,18.25,76.25
920,18.25,76.5
921,18.25,76.75
922,18.25,77.0
923,18.25,77.25
924,18.25,77.5
925,18.25,77.75
926,18.25,78.0
927,18.25,78.25
928,18.25,78.5
929,18.25,78.75
930,18.25,79.0
931,18.25,79.25
932,18.25,79.5
933,18.25,79.75
934,18.25,80.0
935,18.25,80.25
936,18.25,80.5
937,18.25,80.75
938,18.25,81.0
939,18.25,81.25
940,18.25,81.5
941,18.25,81.75
942,18.25,82.0
943,18.25,82.25
944,18.25,82.5
945,18.25,82.75
946,18.25,83.0
947,18.25,83.25
948,18.25,83.5
949,18.25,83.75
950,18.5,72.75
951,18.5,73.0
952,18.5,73.25
953,18.5,73.5
954,18.5,73.75
955,18.5,74.0
956,18.5,74.25
957,18.5,74.5
958,18.5,74.75
959,18.5,75.0
960,18.5,75.25
961,18.5,75.5
962,18.5,75.75
963,18.5,76.0
964,18.5,76.25
965,18.5,76.5
966,18.5,76.75
967,18.5,77.0
968,18.5,77.25
969,18.5,77.5
970,18.5,77.75
971,18.5,78.0
972,18.5,78.25
973,18.5,78.5
974,18.5,78.75
975,18.5,79.0
976,18.5,79.25
977,18.5,79.5
978,18.5,79.75
979,18.5,80.0
980,18.5,80.25
981,18.5,80.5
982,18.5,80.75
983,18.5,81.0
984,18.5,81.25
985,18.5,81.5
986,18.5,81.75
987,18.5,82.0
988,18.5,82.25
989,18.5,82.5
990,18.5,82.75
991,18.5,83.0
992,18.5,83.25
993,18.5,83.5
994,18.5,83.75
995,18.5,84.0
996,18.75,72.75
997,18.75,73.0
998,18.75,73.25
999,18.75,73.5
1000,18.75,73.75
1001,18.75,74.0
1002,18.75,74.25
1003,18.75,74.5
1004,18.75,74.75
1005,18.75,75.0
1006,18.75,75.25
1007,18.75,75.5
1008,18.75,75.75
1009,18.75,76.0
1010,18.75,76.25
1011,18.75,76.5
1012,18.75,76.75
1013,18.75,77.0
1014,18.75,77.25
1015,18.75,77.5
1016,18.75,77.75
1017,18.75,78.0
1018,18.75,78.25
1019,18.75,78.5
1020,18.75,78.75
1021,18.75,79.0
1022,18.75,79.25
1023,18.75,79.5
1024,18.75,79.75
1025,18.75,80.0
1026,18.75,80.25
1027,18.75,80.5
1028,18.75,80.75
1029,18.75,81.0
1030,18.75,81.25
1031,18.75,81.5
1032,18.75,81.75
1033,18.75,82.0
1034,18.75,82.25
1035,18.75,82.5
1036,18.75,82.75
1037,18.75,83.0
1038,18.75,83.25
1039,18.75,83.5
1040,18.75,83.75
1041,18.75,84.0
1042,18.75,84.25
1043,19.0,72.75
1044,19.0,73.0
1045,19.0,73.25
1046,19.0,73.5
1047,19.0,73.75
1048,19.0,74.0
1049,19.0,74.25
1050,19.0,74.5
1051,19.0,74.75
1052,19.0,75.0
1053,19.0,75.25
1054,19.0,75.5
1055,19.0,75.75
1056,19.0,76.0
1057,19.0,76.25
1058,19.0,76.5
1059,19.0,76.75
1060,19.0,77.0
1061,19.0,77.25
1062,19.0,77.5
1063,19.0,77.75
1064,19.0,78.0
1065,19.0,78.25
1066,19.0,78.5
1067,19.0,78.75
1068,19.0,79.0
1069,19.0,79.25
1070,19.0,79.5
1071,19.0,79.75
1072,19.0,80.0
1073,19.0,80.25
1074,19.0,80.5
1075,19.0,80.75
1076,19.0,81.0
1077,19.0,81.25
1078,19.0,81.5
1079,19.0,81.75
1080,19.0,82.0
1081,19.0,82.25
1082,19.0,82.5
1083,19.0,82.75
1084,19.0,83.0
1085,19.0,83.25
1086,19.0,83.5
1087,19.0,83.75
1088,19.0,84.0
1089,19.0,84.25
1090,19.0,84.5
1091,19.25,72.75
1092,19.25,73.0
1093,19.25,73.25
1094,19.25,73.5
1095,19.25,73.75
1096,19.25,74.0
1097,19.25,74.25
1098,19.25,74.5
1099,19.25,74.75
1100,19.25,75.0
1101,19.25,75.25
1102,19.25,75.5
1103,19.25,75.75
1104,19.25,76.0
1105,19.25,76.25
1106,19.25,76.5
1107,19.25,76.75
1108,19.25,77.0
1109,19.25,77.25
1110,19.25,77.5
1111,19.25,77.75
1112,19.25,78.0
1113,19.25,78.25
1114,19.25,78.5
1115,19.25,78.75
1116,19.25,79.0
1117,19.25,79.25
1118,19.25,79.5
1119,19.25,79.75
1120,19.25,80.0
1121,19.25,80.25
1122,19.25,80.5
1123,19.25,80.75
1124,19.25,81.0
1125,19.25,81.25
1126,19.25,81.5
1127,19.25,81.75
1128,19.25,82.0
1129,19.25,82.25
1130,19.25,82.5
1131,19.25,82.75
1132,19.25,83.0
1133,19.25,83.25
1134,19.25,83.5
1135,19.25,83.75
1136,19.25,84.0
1137,19.25,84.25
1138,19.25,84.5
1139,19.25,84.75
1140,19.5,72.75
1141,19.5,73.0
1142,19.5,73.25
1143,19.5,73.5
1144,19.5,73.75
1145,19.5,74.0
1146,19.5,74.25
1147,19.5,74.5
1148,19.5,74.75
1149,19.5,75.0
1150,19.5,75.25
1151,19.5,75.5
1152,19.5,75.75
1153,19.5,76.0
1154,19.5,76.25
1155,19.5,76.5
1156,19.5,76.75
1157,19.5,77.0
1158,19.5,77.25
1159,19.5,77.5
1160,19.5,77.75
1161,19.5,78.0
1162,19.5,78.25
1163,19.5,78.5
1164,19.5,78.75
1165,19.5,79.0
1166,19.5,79.25
1167,19.5,79.5
1168,19.5,79.75
1169,19.5,80.0
1170,19.5,80.25
1171,19.5,80.5
1172,19.5,80.75
1173,19.5,81.0
1174,19.5,81.25
1175,19.5,81.5
1176,19.5,81.75
1177,19.5,82.0
1178,19.5,82.25
1179,19.5,82.5
1180,19.5,82.75
1181,19.5,83.0
1182,19.5,83.25
1183,19.5,83.5
1184,19.5,83.75
1185,19.5,84.0
1186,19.5,84.25
1187,19.5,84.5
1188,19.5,84.75
1189,19.5,85.0
1190,19.75,72.5
1191,19.75,72.75
1192,19.75,73.0
1193,19.75,73.25
1194,19.75,73.5
1195,19.75,73.75
1196,19.75,74.0
1197,19.75,74.25
1198,19.75,74.5
1199,19.75,74.75
1200,19.75,75.0
1201,19.75,75.25
1202,19.75,75.5
1203,19.75,75.75
1204,19.75,76.0
1205,19.75,76.25
1206,19.75,76.5
1207,19.75,76.75
1208,19.75,77.0
1209,19.75,77.25
1210,19.75,77.5
1211,19.75,77.75
1212,19.75,78.0
1213,19.75,78.25
1214,19.75,78.5
1215,19.75,78.75
1216,19.75,79.0
1217,19.75,79.25
1218,19.75,79.5
1219,19.75,79.75
1220,19.75,80.0
1221,19.75,80.25
1222,19.75,80.5
1223,19.75,80.75
1224,19.75,81.0
1225,19.75,81.25
1226,19.75,81.5
1227,19.75,81.75
1228,19.75,82.0
1229,19.75,82.25
1230,19.75,82.5
1231,19.75,82.75
1232,19.75,83.0
1233,19.75,83.25
1234,19.75,83.5
1235,19.75,83.75
1236,19.75,84.0
1237,19.75,84.25
1238,19.75,84.5
1239,19.75,84.75
1240,19.75,85.0
1241,19.75,85.25
1242,19.75,85.5
1243,20.0,72.5
1244,20.0,72.75
1245,20.0,73.0
1246,20.0,73.25
1247,20.0,73.5
1248,20.0,73.75
1249,20.0,74.0
1250,20.0,74.25
1251,20.0,74.5
1252,20.0,74.75
1253,20.0,75.0
1254,20.0,75.25
1255,20.0,75.5
1256,20.0,75.75
1257,20.0,76.0
1258,20.0,76.25
1259,20.0,76.5
1260,20.0,76.75
1261,20.0,77.0
1262,20.0,77.25
1263,20.0,77.5
1264,20.0,77.75
1265,20.0,78.0
1266,20.0,78.25
1267,20.0,78.5
1268,20.0,78.75
1269,20.0,79.0
1270,20.0,79.25
1271,20.0,79.5
1272,20.0,79.75
1273,20.0,80.0
1274,20.0,80.25
1275,20.0,80.5
1276,20.0,80.75
1277,20.0,81.0
1278,20.0,81.25
1279,20.0,81.5
1280,20.0,81.75
1281,20.0,82.0
1282,20.0,82.25
1283,20.0,82.5
1284,20.0,82.75
1285,20.0,83.0
1286,20.0,83.25
1287,20.0,83.5
1288,20.0,83.75
1289,20.0,84.0
1290,20.0,84.25
1291,20.0,84.5
1292,20.0,84.75
1293,20.0,85.0
1294,20.0,85.25
1295,20.0,85.5
1296,20.0,85.75
1297,20.0,86.0
1298,20.0,86.25
1299,20.25,72.75
1300,20.25,73.0
1301,20.25,73.25
1302,20.25,73.5
1303,20.25,73.75
1304,20.25,74.0
1305,20.25,74.25
1306,20.25,74.5
1307,20.25,74.75
1308,20.25,75.0
1309,20.25,75.25
1310,20.25,75.5
1311,20.25,75.75
1312,20.25,76.0
1313,20.25,76.25
1314,20.25,76.5
1315,20.25,76.75
1316,20.25,77.0
1317,20.25,77.25
1318,20.25,77.5
1319,20.25,77.75
1320,20.25,78.0
1321,20.25,78.25
1322,20.25,78.5
1323,20.25,78.75
1324,20.25,79.0
1325,20.25,79.25
1326,20.25,79.5
1327,20.25,79.75
1328,20.25,80.0
1329,20.25,80.25
1330,20.25,80.5
1331,20.25,80.75
1332,20.25,81.0
1333,20.25,81.25
1334,20.25,81.5
1335,20.25,81.75
1336,20.25,82.0
1337,20.25,82.25
1338,20.25,82.5
1339,20.25,82.75
1340,20.25,83.0
1341,20.25,83.25
1342,20.25,83.5
1343,20.25,83.75
1344,20.25,84.0
1345,20.25,84.25
1346,20.25,84.5
1347,20.25,84.75
1348,20.25,85.0
1349,20.25,85.25
1350,20.25,85.5
1351,20.25,85.75
1352,20.25,86.0
1353,20.25,86.25
1354,20.25,86.5
1355,20.5,72.75
1356,20.5,73.0
1357,20.5,73.25
1358,20.5,73.5
1359,20.5,73.75
1360,20.5,74.0
1361,20.5,74.25
1362,20.5,74.5
1363,20.5,74.75
1364,20.5,75.0
1365,20.5,75.25
1366,20.5,75.5
1367,20.5,75.75
1368,20.5,76.0
1369,20.5,76.25
1370,20.5,76.5
1371,20.5,76.75
1372,20.5,77.0
1373,20.5,77.25
1374,20.5,77.5
1375,20.5,77.75
1376,20.5,78.0
1377,20.5,78.25
1378,20.5,78.5
1379,20.5,78.75
1380,20.5,79.0
1381,20.5,79.25
1382,20.5,79.5
1383,20.5,79.75
1384,20.5,80.0
1385,20.5,80.25
1386,20.5,80.5
1387,20.5,80.75
1388,20.5,81.0
1389,20.5,81.25
1390,20.5,81.5
1391,20.5,81.75
1392,20.5,82.0
1393,20.5,82.25
1394,20.5,82.5
1395,20.5,82.75
1396,20.5,83.0
1397,20.5,83.25
1398,20.5,83.5
1399,20.5,83.75
1400,20.5,84.0
1401,20.5,84.25
1402,20.5,84.5
1403,20.5,84.75
1404,20.5,85.0
1405,20.5,85.25
1406,20.5,85.5
1407,20.5,85.75
1408,20.5,86.0
1409,20.5,86.25
1410,20.5,86.5
1411,20.5,86.75
1412,20.75,70.75
1413,20.75,71.0
1414,20.75,72.75
1415,20.75,73.0
1416,20.75,73.25
1417,20.75,73.5
1418,20.75,73.75
1419,20.75,74.0
1420,20.75,74.25
1421,20.75,74.5
1422,20.75,74.75
1423,20.75,75.0
1424,20.75,75.25
1425,20.75,75.5
1426,20.75,75.75
1427,20.75,76.0
1428,20.75,76.25
1429,20.75,76.5
1430,20.75,76.75
1431,20.75,77.0
1432,20.75,77.25
1433,20.75,77.5
1434,20.75,77.75
1435,20.75,78.0
1436,20.75,78.25
1437,20.75,78.5
1438,20.75,78.75
1439,20.75,79.0
1440,20.75,79.25
1441,20.75,79.5
1442,20.75,79.75
1443,20.75,80.0
1444,20.75,80.25
1445,20.75,80.5
1446,20.75,80.75
1447,20.75,81.0
1448,20.75,81.25
1449,20.75,81.5
1450,20.75,81.75
1451,20.75,82.0
1452,20.75,82.25
1453,20.75,82.5
1454,20.75,82.75
1455,20.75,83.0
1456,20.75,83.25
1457,20.75,83.5
1458,20.75,83.75
1459,20.75,84.0
1460,20.75,84.25
1461,20.75,84.5
1462,20.75,84.75
1463,20.75,85.0
1464,20.75,85.25
1465,20.75,85.5
1466,20.75,85.75
1467,20.75,86.0
1468,20.75,86.25
1469,20.75,86.5
1470,20.75,86.75
1471,20.75,87.0
1472,21.0,70.0
1473,21.0,70.25
1474,21.0,70.5
1475,21.0,70.75
1476,21.0,71.0
1477,21.0,71.25
1478,21.0,71.5
1479,21.0,72.75
1480,21.0,73.0
1481,21.0,73.25
1482,21.0,73.5
1483,21.0,73.75
1484,21.0,74.0
1485,21.0,74.25
1486,21.0,74.5
1487,21.0,74.75
1488,21.0,75.0
1489,21.0,75.25
1490,21.0,75.5
1491,21.0,75.75
1492,21.0,76.0
1493,21.0,76.25
1494,21.0,76.5
1495,21.0,76.75
1496,21.0,77.0
1497,21.0,77.25
1498,21.0,77.5
1499,21.0,77.75
1500,21.0,78.0
1501,21.0,78.25
1502,21.0,78.5
1503,21.0,78.75
1504,21.0,79.0
1505,21.0,79.25
1506,21.0,79.5
1507,21.0,79.75
1508,21.0,80.0
1509,21.0,80.25
1510,21.0,80.5
1511,21.0,80.75
1512,21.0,81.0
1513,21.0,81.25
1514,21.0,81.5
1515,21.0,81.75
1516,21.0,82.0
1517,21.0,82.25
1518,21.0,82.5
1519,21.0,82.75
1520,21.0,83.0
1521,21.0,83.25
1522,21.0,83.5
1523,21.0,83.75
1524,21.0,84.0
1525,21.0,84.25
1526,21.0,84.5
1527,21.0,84.75
1528,21.0,85.0
1529,21.0,85.25
1530,21.0,85.5
1531,21.0,85.75
1532,21.0,86.0
1533,21.0,86.25
1534,21.0,86.5
1535,21.0,86.75
1536,21.25,69.75
1537,21.25,70.0
1538,21.25,70.25
1539,21.25,70.5
1540,21.25,70.75
1541,21.25,71.0
1542,21.25,71.25
1543,21.25,71.5
1544,21.25,71.75
1545,21.25,72.0
1546,21.25,72.5
1547,21.25,72.75
1548,21.25,73.0
1549,21.25,73.25
1550,21.25,73.5
1551,21.25,73.75
1552,21.25,74.0
1553,21.25,74.25
1554,21.25,74.5
1555,21.25,74.75
1556,21.25,75.0
1557,21.25,75.25
1558,21.25,75.5
1559,21.25,75.75
1560,21.25,76.0
1561,21.25,76.25
1562,21.25,76.5
1563,21.25,76.75
1564,21.25,77.0
1565,21.25,77.25
1566,21.25,77.5
1567,21.25,77.75
1568,21.25,78.0
1569,21.25,78.25
1570,21.25,78.5
1571,21.25,78.75
1572,21.25,79.0
1573,21.25,79.25
1574,21.25,79.5
1575,21.25,79.75
1576,21.25,80.0
1577,21.25,80.25
1578,21.25,80.5
1579,21.25,80.75
1580,21.25,81.0
1581,21.25,81.25
1582,21.25,81.5
1583,21.25,81.75
1584,21.25,82.0
1585,21.25,82.25
1586,21.25,82.5
1587,21.25,82.75
1588,21.25,83.0
1589,21.25,83.25
1590,21.25,83.5
1591,21.25,83.75
1592,21.25,84.0
1593,21.25,84.25
1594,21.25,84.5
1595,21.25,84.75
1596,21.25,85.0
1597,21.25,85.25
1598,21.25,85.5
1599,21.25,85.75
1600,21.25,86.0
1601,21.25,86.25
1602,21.25,86.5
1603,21.25,86.75
1604,21.5,69.5
1605,21.5,69.75
1606,21.5,70.0
1607,21.5,70.25
1608,21.5,70.5
1609,21.5,70.75
1610,21.5,71.0
1611,21.5,71.25
1612,21.5,71.5
1613,21.5,71.75
1614,21.5,72.0
1615,21.5,72.5
1616,21.5,72.75
1617,21.5,73.0
1618,21.5,73.25
1619,21.5,73.5
1620,21.5,73.75
1621,21.5,74.0
1622,21.5,74.25
1623,21.5,74.5
1624,21.5,74.75
1625,21.5,75.0
1626,21.5,75.25
1627,21.5,75.5
1628,21.5,75.75
1629,21.5,76.0
1630,21.5,76.25
1631,21.5,76.5
1632,21.5,76.75
1633,21.5,77.0
1634,21.5,77.25
1635,21.5,77.5
1636,21.5,77.75
1637,21.5,78.0
1638,21.5,78.25
1639,21.5,78.5
1640,21.5,78.75
1641,21.5,79.0
1642,21.5,79.25
1643,21.5,79.5
1644,21.5,79.75
1645,21.5,80.0
1646,21.5,80.25
1647,21.5,80.5
1648,21.5,80.75
1649,21.5,81.0
1650,21.5,81.25
1651,21.5,81.5
1652,21.5,81.75
1653,21.5,82.0
1654,21.5,82.25
1655,21.5,82.5
1656,21.5,82.75
1657,21.5,83.0
1658,21.5,83.25
1659,21.5,83.5
1660,21.5,83.75
1661,21.5,84.0
1662,21.5,84.25
1663,21.5,84.5
1664,21.5,84.75
1665,21.5,85.0
1666,21.5,85.25
1667,21.5,85.5
1668,21.5,85.75
1669,21.5,86.0
1670,21.5,86.25
1671,21.5,86.5
1672,21.5,86.75
1673,21.5,87.0
1674,21.75,69.25
1675,21.75,69.5
1676,21.75,69.75
1677,21.75,70.0
1678,21.75,70.25
1679,21.75,70.5
1680,21.75,70.75
1681,21.75,71.0
1682,21.75,71.25
1683,21.75,71.5
1684,21.75,71.75
1685,21.75,72.0
1686,21.75,72.25
1687,21.75,72.5
1688,21.75,72.75
1689,21.75,73.0
1690,21.75,73.25
1691,21.75,73.5
1692,21.75,73.75
1693,21.75,74.0
1694,21.75,74.25
1695,21.75,74.5
1696,21.75,74.75
1697,21.75,75.0
1698,21.75,75.25
1699,21.75,75.5
1700,21.75,75.75
1701,21.75,76.0
1702,21.75,76.25
1703,21.75,76.5
1704,21.75,76.75
1705,21.75,77.0
1706,21.75,77.25
1707,21.75,77.5
1708,21.75,77.75
1709,21.75,78.0
1710,21.75,78.25
1711,21.75,78.5
1712,21.75,78.75
1713,21.75,79.0
1714,21.75,79.25
1715,21.75,79.5
1716,21.75,79.75
1717,21.75,80.0
1718,21.75,80.25
1719,21.75,80.5
1720,21.75,80.75
1721,21.75,81.0
1722,21.75,81.25
1723,21.75,81.5
1724,21.75,81.75
1725,21.75,82.0
1726,21.75,82.25
1727,21.75,82.5
1728,21.75,82.75
1729,21.75,83.0
1730,21.75,83.25
1731,21.75,83.5
1732,21.75,83.75
1733,21.75,84.0
1734,21.75,84.25
1735,21.75,84.5
1736,21.75,84.75
1737,21.75,85.0
1738,21.75,85.25
1739,21.75,85.5
1740,21.75,85.75
1741,21.75,86.0
1742,21.75,86.25
1743,21.75,86.5
1744,21.75,86.75
1745,21.75,87.0
1746,21.75,87.25
1747,21.75,87.5
1748,21.75,87.75
1749,21.75,88.0
1750,21.75,88.25
1751,21.75,88.5
1752,21.75,88.75
1753,21.75,89.0
1754,22.0,69.0
1755,22.0,69.25
1756,22.0,69.5
1757,22.0,69.75
1758,22.0,70.0
1759,22.0,70.25
1760,22.0,70.5
1761,22.0,70.75
1762,22.0,71.0
1763,22.0,71.25
1764,22.0,71.5
1765,22.0,71.75
1766,22.0,72.0
1767,22.0,72.25
1768,22.0,72.5
1769,22.0,72.75
1770,22.0,73.0
1771,22.0,73.25
1772,22.0,73.5
1773,22.0,73.75
1774,22.0,74.0
1775,22.0,74.25
1776,22.0,74.5
1777,22.0,74.75
1778,22.0,75.0
1779,22.0,75.25
1780,22.0,75.5
1781,22.0,75.75
1782,22.0,76.0
1783,22.0,76.25
1784,22.0,76.5
1785,22.0,76.75
1786,22.0,77.0
1787,22.0,77.25
1788,22.0,77.5
1789,22.0,77.75
1790,22.0,78.0
1791,22.0,78.25
1792,22.0,78.5
1793,22.0,78.75
1794,22.0,79.0
1795,22.0,79.25
1796,22.0,79.5
1797,22.0,79.75
1798,22.0,80.0
1799,22.0,80.25
1800,22.0,80.5
1801,22.0,80.75
1802,22.0,81.0
1803,22.0,81.25
1804,22.0,81.5
1805,22.0,81.75
1806,22.0,82.0
1807,22.0,82.25
1808,22.0,82.5
1809,22.0,82.75
1810,22.0,83.0
1811,22.0,83.25
1812,22.0,83.5
1813,22.0,83.75
1814,22.0,84.0
1815,22.0,84.25
1816,22.0,84.5
1817,22.0,84.75
1818,22.0,85.0
1819,22.0,85.25
1820,22.0,85.5
1821,22.0,85.75
1822,22.0,86.0
1823,22.0,86.25
1824,22.0,86.5
1825,22.0,86.75
1826,22.0,87.0
1827,22.0,87.25
1828,22.0,87.5
1829,22.0,87.75
1830,22.0,88.0
1831,22.0,88.25
1832,22.0,88.5
1833,22.0,88.75
1834,22.0,89.0
1835,22.0,93.0
1836,22.25,68.75
1837,22.25,69.0
1838,22.25,69.25
1839,22.25,69.5
1840,22.25,69.75
1841,22.25,70.0
1842,22.25,70.25
1843,22.25,70.5
1844,22.25,70.75
1845,22.25,71.0
1846,22.25,71.25
1847,22.25,71.5
1848,22.25,71.75
1849,22.25,72.0
1850,22.25,72.25
1851,22.25,72.5
1852,22.25,72.75
1853,22.25,73.0
1854,22.25,73.25
1855,22.25,73.5
1856,22.25,73.75
1857,22.25,74.0
1858,22.25,74.25
1859,22.25,74.5
1860,22.25,74.75
1861,22.25,75.0
1862,22.25,75.25
1863,22.25,75.5
1864,22.25,75.75
1865,22.25,76.0
1866,22.25,76.25
1867,22.25,76.5
1868,22.25,76.75
1869,22.25,77.0
1870,22.25,77.25
1871,22.25,77.5
1872,22.25,77.75
1873,22.25,78.0
1874,22.25,78.25
1875,22.25,78.5
1876,22.25,78.75
1877,22.25,79.0
1878,22.25,79.25
1879,22.25,79.5
1880,22.25,79.75
1881,22.25,80.0
1882,22.25,80.25
1883,22.25,80.5
1884,22.25,80.75
1885,22.25,81.0
1886,22.25,81.25
1887,22.25,81.5
1888,22.25,81.75
1889,22.25,82.0
1890,22.25,82.25
1891,22.25,82.5
1892,22.25,82.75
1893,22.25,83.0
1894,22.25,83.25
1895,22.25,83.5
1896,22.25,83.75
1897,22.25,84.0
1898,22.25,84.25
1899,22.25,84.5
1900,22.25,84.75
1901,22.25,85.0
1902,22.25,85.25
1903,22.25,85.5
1904,22.25,85.75
1905,22.25,86.0
1906,22.25,86.25
1907,22.25,86.5
1908,22.25,86.75
1909,22.25,87.0
1910,22.25,87.25
1911,22.25,87.5
1912,22.25,87.75
1913,22.25,88.0
1914,22.25,88.25
1915,22.25,88.5
1916,22.25,88.75
1917,22.25,89.0
1918,22.25,92.5
1919,22.25,92.75
1920,22.25,93.0
1921,22.5,68.75
1922,22.5,69.0
1923,22.5,69.25
1924,22.5,69.5
1925,22.5,69.75
1926,22.5,70.0
1927,22.5,70.25
1928,22.5,70.5
1929,22.5,70.75
1930,22.5,71.0
1931,22.5,71.25
1932,22.5,71.5
1933,22.5,71.75
1934,22.5,72.0
1935,22.5,72.25
1936,22.5,72.5
1937,22.5,72.75
1938,22.5,73.0
1939,22.5,73.25
1940,22.5,73.5
1941,22.5,73.75
1942,22.5,74.0
1943,22.5,74.25
1944,22.5,74.5
1945,22.5,74.75
1946,22.5,75.0
1947,22.5,75.25
1948,22.5,75.5
1949,22.5,75.75
1950,22.5,76.0
1951,22.5,76.25
1952,22.5,76.5
1953,22.5,76.75
1954,22.5,77.0
1955,22.5,77.25
1956,22.5,77.5
1957,22.5,77.75
1958,22.5,78.0
1959,22.5,78.25
1960,22.5,78.5
1961,22.5,78.75
1962,22.5,79.0
1963,22.5,79.25
1964,22.5,79.5
1965,22.5,79.75
1966,22.5,80.0
1967,22.5,80.25
1968,22.5,80.5
1969,22.5,80.75
1970,22.5,81.0
1971,22.5,81.25
1972,22.5,81.5
1973,22.5,81.75
1974,22.5,82.0
1975,22.5,82.25
1976,22.5,82.5
1977,22.5,82.75
1978,22.5,83.0
1979,22.5,83.25
1980,22.5,83.5
1981,22.5,83.75
1982,22.5,84.0
1983,22.5,84.25
1984,22.5,84.5
1985,22.5,84.75
1986,22.5,85.0
1987,22.5,85.25
1988,22.5,85.5
1989,22.5,85.75
1990,22.5,86.0
1991,22.5,86.25
1992,22.5,86.5
1993,22.5,86.75
1994,22.5,87.0
1995,22.5,87.25
1996,22.5,87.5
1997,22.5,87.75
1998,22.5,88.0
1999,22.5,88.25
2000,22.5,88.5
2001,22.5,88.75
2002,22.5,89.0
2003,22.5,92.5
2004,22.5,92.75
2005,22.5,93.0
2006,22.75,69.75
2007,22.75,70.0
2008,22.75,70.25
2009,22.75,70.5
2010,22.75,70.75
2011,22.75,71.0
2012,22.75,71.25
2013,22.75,71.5
2014,22.75,71.75
2015,22.75,72.0
2016,22.75,72.25
2017,22.75,72.5
2018,22.75,72.75
2019,22.75,73.0
2020,22.75,73.25
2021,22.75,73.5
2022,22.75,73.75
2023,22.75,74.0
2024,22.75,74.25
2025,22.75,74.5
2026,22.75,74.75
2027,22.75,75.0
2028,22.75,75.25
2029,22.75,75.5
2030,22.75,75.75
2031,22.75,76.0
2032,22.75,76.25
2033,22.75,76.5
2034,22.75,76.75
2035,22.75,77.0
2036,22.75,77.25
2037,22.75,77.5
2038,22.75,77.75
2039,22.75,78.0
2040,22.75,78.25
2041,22.75,78.5
2042,22.75,78.75
2043,22.75,79.0
2044,22.75,79.25
2045,22.75,79.5
2046,22.75,79.75
2047,22.75,80.0
2048,22.75,80.25
2049,22.75,80.5
2050,22.75,80.75
2051,22.75,81.0
2052,22.75,81.25
2053,22.75,81.5
2054,22.75,81.75
2055,22.75,82.0
2056,22.75,82.25
2057,22.75,82.5
2058,22.75,82.75
2059,22.75,83.0
2060,22.75,83.25
2061,22.75,83.5
2062,22.75,83.75
2063,22.75,84.0
2064,22.75,84.25
2065,22.75,84.5
2066,22.75,84.75
2067,22.75,85.0
2068,22.75,85.25
2069,22.75,85.5
2070,22.75,85.75
2071,22.75,86.0
2072,22.75,86.25
2073,22.75,86.5
2074,22.75,86.75
2075,22.75,87.0
2076,22.75,87.25
2077,22.75,87.5
2078,22.75,87.75
2079,22.75,88.0
2080,22.75,88.25
2081,22.75,88.5
2082,22.75,88.75
2083,22.75,89.0
2084,22.75,92.5
2085,22.75,92.75
2086,22.75,93.0
2087,23.0,68.75
2088,23.0,69.0
2089,23.0,69.25
2090,23.0,69.5
2091,23.0,69.75
2092,23.0,70.0
2093,23.0,70.25
2094,23.0,70.5
2095,23.0,70.75
2096,23.0,71.0
2097,23.0,71.25
2098,23.0,71.5
2099,23.0,71.75
2100,23.0,72.0
2101,23.0,72.25
2102,23.0,72.5
2103,23.0,72.75
2104,23.0,73.0
2105,23.0,73.25
2106,23.0,73.5
2107,23.0,73.75
2108,23.0,74.0
2109,23.0,74.25
2110,23.0,74.5
2111,23.0,74.75
2112,23.0,75.0
2113,23.0,75.25
2114,23.0,75.5
2115,23.0,75.75
2116,23.0,76.0
2117,23.0,76.25
2118,23.0,76.5
2119,23.0,76.75
2120,23.0,77.0
2121,23.0,77.25
2122,23.0,77.5
2123,23.0,77.75
2124,23.0,78.0
2125,23.0,78.25
2126,23.0,78.5
2127,23.0,78.75
2128,23.0,79.0
2129,23.0,79.25
2130,23.0,79.5
2131,23.0,79.75
2132,23.0,80.0
2133,23.0,80.25
2134,23.0,80.5
2135,23.0,80.75
2136,23.0,81.0
2137,23.0,81.25
2138,23.0,81.5
2139,23.0,81.75
2140,23.0,82.0
2141,23.0,82.25
2142,23.0,82.5
2143,23.0,82.75
2144,23.0,83.0
2145,23.0,83.25
2146,23.0,83.5
2147,23.0,83.75
2148,23.0,84.0
2149,23.0,84.25
2150,23.0,84.5
2151,23.0,84.75
2152,23.0,85.0
2153,23.0,85.25
2154,23.0,85.5
2155,23.0,85.75
2156,23.0,86.0
2157,23.0,86.25
2158,23.0,86.5
2159,23.0,86.75
2160,23.0,87.0
2161,23.0,87.25
2162,23.0,87.5
2163,23.0,87.75
2164,23.0,88.0
2165,23.0,88.25
2166,23.0,88.5
2167,23.0,88.75
2168,23.0,91.5
2169,23.0,92.5
2170,23.0,92.75
2171,23.0,93.0
2172,23.25,68.5
2173,23.25,68.75
2174,23.25,69.0
2175,23.25,69.25
2176,23.25,69.5
2177,23.25,69.75
2178,23.25,70.0
2179,23.25,70.25
2180,23.25,70.5
2181,23.25,70.75
2182,23.25,71.0
2183,23.25,71.25
2184,23.25,71.5
2185,23.25,71.75
2186,23.25,72.0
2187,23.25,72.25
2188,23.25,72.5
2189,23.25,72.75
2190,23.25,73.0
2191,23.25,73.25
2192,23.25,73.5
2193,23.25,73.75
2194,23.25,74.0
2195,23.25,74.25
2196,23.25,74.5
2197,23.25,74.75
2198,23.25,75.0
2199,23.25,75.25
2200,23.25,75.5
2201,23.25,75.75
2202,23.25,76.0
2203,23.25,76.25
2204,23.25,76.5
2205,23.25,76.75
2206,23.25,77.0
2207,23.25,77.25
2208,23.25,77.5
2209,23.25,77.75
2210,23.25,78.0
2211,23.25,78.25
2212,23.25,78.5
2213,23.25,78.75
2214,23.25,79.0
2215,23.25,79.25
2216,23.25,79.5
2217,23.25,79.75
2218,23.25,80.0
2219,23.25,80.25
2220,23.25,80.5
2221,23.25,80.75
2222,23.25,81.0
2223,23.25,81.25
2224,23.25,81.5
2225,23.25,81.75
2226,23.25,82.0
2227,23.25,82.25
2228,23.25,82.5
2229,23.25,82.75
2230,23.25,83.0
2231,23.25,83.25
2232,23.25,83.5
2233,23.25,83.75
2234,23.25,84.0
2235,23.25,84.25
2236,23.25,84.5
2237,23.25,84.75
2238,23.25,85.0
2239,23.25,85.25
2240,23.25,85.5
2241,23.25,85.75
2242,23.25,86.0
2243,23.25,86.25
2244,23.25,86.5
2245,23.25,86.75
2246,23.25,87.0
2247,23.25,87.25
2248,23.25,87.5
2249,23.25,87.75
2250,23.25,88.0
2251,23.25,88.25
2252,23.25,88.5
2253,23.25,88.75
2254,23.25,91.25
2255,23.25,91.5
2256,23.25,91.75
2257,23.25,92.25
2258,23.25,92.5
2259,23.25,92.75
2260,23.25,93.0
2261,23.25,93.25
2262,23.5,68.25
2263,23.5,68.5
2264,23.5,68.75
2265,23.5,69.0
2266,23.5,69.25
2267,23.5,69.5
2268,23.5,69.75
2269,23.5,70.0
2270,23.5,70.25
2271,23.5,70.5
2272,23.5,70.75
2273,23.5,71.0
2274,23.5,71.25
2275,23.5,71.5
2276,23.5,71.75
2277,23.5,72.0
2278,23.5,72.25
2279,23.5,72.5
2280,23.5,72.75
2281,23.5,73.0
2282,23.5,73.25
2283,23.5,73.5
2284,23.5,73.75
2285,23.5,74.0
2286,23.5,74.25
2287,23.5,74.5
2288,23.5,74.75
2289,23.5,75.0
2290,23.5,75.25
2291,23.5,75.5
2292,23.5,75.75
2293,23.5,76.0
2294,23.5,76.25
2295,23.5,76.5
2296,23.5,76.75
2297,23.5,77.0
2298,23.5,77.25
2299,23.5,77.5
2300,23.5,77.75
2301,23.5,78.0
2302,23.5,78.25
2303,23.5,78.5
2304,23.5,78.75
2305,23.5,79.0
2306,23.5,79.25
2307,23.5,79.5
2308,23.5,79.75
2309,23.5,80.0
2310,23.5,80.25
2311,23.5,80.5
2312,23.5,80.75
2313,23.5,81.0
2314,23.5,81.25
2315,23.5,81.5
2316,23.5,81.75
2317,23.5,82.0
2318,23.5,82.25
2319,23.5,82.5
2320,23.5,82.75
2321,23.5,83.0
2322,23.5,83.25
2323,23.5,83.5
2324,23.5,83.75
2325,23.5,84.0
2326,23.5,84.25
2327,23.5,84.5
2328,23.5,84.75
2329,23.5,85.0
2330,23.5,85.25
2331,23.5,85.5
2332,23.5,85.75
2333,23.5,86.0
2334,23.5,86.25
2335,23.5,86.5
2336,23.5,86.75
2337,23.5,87.0
2338,23.5,87.25
2339,23.5,87.5
2340,23.5,87.75
2341,23.5,88.0
2342,23.5,88.25
2343,23.5,88.5
2344,23.5,88.75
2345,23.5,91.25
2346,23.5,91.5
2347,23.5,91.75
2348,23.5,92.25
2349,23.5,92.5
2350,23.5,92.75
2351,23.5,93.0
2352,23.5,93.25
2353,23.75,68.0
2354,23.75,68.25
2355,23.75,68.5
2356,23.75,68.75
2357,23.75,69.0
2358,23.75,69.25
2359,23.75,69.5
2360,23.75,69.75
2361,23.75,70.0
2362,23.75,70.25
2363,23.75,70.5
2364,23.75,70.75
2365,23.75,71.0
2366,23.75,71.25
2367,23.75,71.5
2368,23.75,71.75
2369,23.75,72.0
2370,23.75,72.25
2371,23.75,72.5
2372,23.75,72.75
2373,23.75,73.0
2374,23.75,73.25
2375,23.75,73.5
2376,23.75,73.75
2377,23.75,74.0
2378,23.75,74.25
2379,23.75,74.5
2380,23.75,74.75
2381,23.75,75.0
2382,23.75,75.25
2383,23.75,75.5
2384,23.75,75.75
2385,23.75,76.0
2386,23.75,76.25
2387,23.75,76.5
2388,23.75,76.75
2389,23.75,77.0
2390,23.75,77.25
2391,23.75,77.5
2392,23.75,77.75
2393,23.75,78.0
2394,23.75,78.25
2395,23.75,78.5
2396,23.75,78.75
2397,23.75,79.0
2398,23.75,79.25
2399,23.75,79.5
2400,23.75,79.75
2401,23.75,80.0
2402,23.75,80.25
2403,23.75,80.5
2404,23.75,80.75
2405,23.75,81.0
2406,23.75,81.25
2407,23.75,81.5
2408,23.75,81.75
2409,23.75,82.0
2410,23.75,82.25
2411,23.75,82.5
2412,23.75,82.75
2413,23.75,83.0
2414,23.75,83.25
2415,23.75,83.5
2416,23.75,83.75
2417,23.75,84.0
2418,23.75,84.25
2419,23.75,84.5
2420,23.75,84.75
2421,23.75,85.0
2422,23.75,85.25
2423,23.75,85.5
2424,23.75,85.75
2425,23.75,86.0
2426,23.75,86.25
2427,23.75,86.5
2428,23.75,86.75
2429,23.75,87.0
2430,23.75,87.25
2431,23.75,87.5
2432,23.75,87.75
2433,23.75,88.0
2434,23.75,88.25
2435,23.75,88.5
2436,23.75,91.0
2437,23.75,91.25
2438,23.75,91.5
2439,23.75,91.75
2440,23.75,92.0
2441,23.75,92.25
2442,23.75,92.5
2443,23.75,92.75
2444,23.75,93.0
2445,23.75,93.25
2446,24.0,68.0
2447,24.0,68.25
2448,24.0,68.5
2449,24.0,68.75
2450,24.0,69.0
2451,24.0,69.25
2452,24.0,69.5
2453,24.0,69.75
2454,24.0,70.0
2455,24.0,70.25
2456,24.0,70.5
2457,24.0,70.75
2458,24.0,71.0
2459,24.0,71.25
2460,24.0,71.5
2461,24.0,71.75
2462,24.0,72.0
2463,24.0,72.25
2464,24.0,72.5
2465,24.0,72.75
2466,24.0,73.0
2467,24.0,73.25
2468,24.0,73.5
2469,24.0,73.75
2470,24.0,74.0
2471,24.0,74.25
2472,24.0,74.5
2473,24.0,74.75
2474,24.0,75.0
2475,24.0,75.25
2476,24.0,75.5
2477,24.0,75.75
2478,24.0,76.0
2479,24.0,76.25
2480,24.0,76.5
2481,24.0,76.75
2482,24.0,77.0
2483,24.0,77.25
2484,24.0,77.5
2485,24.0,77.75
2486,24.0,78.0
2487,24.0,78.25
2488,24.0,78.5
2489,24.0,78.75
2490,24.0,79.0
2491,24.0,79.25
2492,24.0,79.5
2493,24.0,79.75
2494,24.0,80.0
2495,24.0,80.25
2496,24.0,80.5
2497,24.0,80.75
2498,24.0,81.0
2499,24.0,81.25
2500,24.0,81.5
2501,24.0,81.75
2502,24.0,82.0
2503,24.0,82.25
2504,24.0,82.5
2505,24.0,82.75
2506,24.0,83.0
2507,24.0,83.25
2508,24.0,83.5
2509,24.0,83.75
2510,24.0,84.0
2511,24.0,84.25
2512,24.0,84.5
2513,24.0,84.75
2514,24.0,85.0
2515,24.0,85.25
2516,24.0,85.5
2517,24.0,85.75
2518,24.0,86.0
2519,24.0,86.25
2520,24.0,86.5
2521,24.0,86.75
2522,24.0,87.0
2523,24.0,87.25
2524,24.0,87.5
2525,24.0,87.75
2526,24.0,88.0
2527,24.0,88.25
2528,24.0,88.5
2529,24.0,91.25
2530,24.0,91.5
2531,24.0,91.75
2532,24.0,92.0
2533,24.0,92.25
2534,24.0,92.5
2535,24.0,92.75
2536,24.0,93.0
2537,24.0,93.25
2538,24.0,93.5
2539,24.0,93.75
2540,24.0,94.0
2541,24.25,68.75
2542,24.25,69.0
2543,24.25,69.25
2544,24.25,69.5
2545,24.25,69.75
2546,24.25,70.0
2547,24.25,70.25
2548,24.25,70.5
2549,24.25,70.75
2550,24.25,71.0
2551,24.25,71.25
2552,24.25,71.5
2553,24.25,71.75
2554,24.25,72.0
2555,24.25,72.25
2556,24.25,72.5
2557,24.25,72.75
2558,24.25,73.0
2559,24.25,73.25
2560,24.25,73.5
2561,24.25,73.75
2562,24.25,74.0
2563,24.25,74.25
2564,24.25,74.5
2565,24.25,74.75
2566,24.25,75.0
2567,24.25,75.25
2568,24.25,75.5
2569,24.25,75.75
2570,24.25,76.0
2571,24.25,76.25
2572,24.25,76.5
2573,24.25,76.75
2574,24.25,77.0
2575,24.25,77.25
2576,24.25,77.5
2577,24.25,77.75
2578,24.25,78.0
2579,24.25,78.25
2580,24.25,78.5
2581,24.25,78.75
2582,24.25,79.0
2583,24.25,79.25
2584,24.25,79.5
2585,24.25,79.75
2586,24.25,80.0
2587,24.25,80.25
2588,24.25,80.5
2589,24.25,80.75
2590,24.25,81.0
2591,24.25,81.25
2592,24.25,81.5
2593,24.25,81.75
2594,24.25,82.0
2595,24.25,82.25
2596,24.25,82.5
2597,24.25,82.75
2598,24.25,83.0
2599,24.25,83.25
2600,24.25,83.5
2601,24.25,83.75
2602,24.25,84.0
2603,24.25,84.25
2604,24.25,84.5
2605,24.25,84.75
2606,24.25,85.0
2607,24.25,85.25
2608,24.25,85.5
2609,24.25,85.75
2610,24.25,86.0
2611,24.25,86.25
2612,24.25,86.5
2613,24.25,86.75
2614,24.25,87.0
2615,24.25,87.25
2616,24.25,87.5
2617,24.25,87.75
2618,24.25,88.0
2619,24.25,88.25
2620,24.25,88.5
2621,24.25,91.25
2622,24.25,91.5
2623,24.25,91.75
2624,24.25,92.0
2625,24.25,92.25
2626,24.25,92.5
2627,24.25,92.75
2628,24.25,93.0
2629,24.25,93.25
2630,24.25,93.5
2631,24.25,93.75
2632,24.25,94.0
2633,24.25,94.25
2634,24.5,68.75
2635,24.5,69.25
2636,24.5,69.5
2637,24.5,70.0
2638,24.5,70.25
2639,24.5,70.5
2640,24.5,70.75
2641,24.5,71.0
2642,24.5,71.25
2643,24.5,71.5
2644,24.5,71.75
2645,24.5,72.0
2646,24.5,72.25
2647,24.5,72.5
2648,24.5,72.75
2649,24.5,73.0
2650,24.5,73.25
2651,24.5,73.5
2652,24.5,73.75
2653,24.5,74.0
2654,24.5,74.25
2655,24.5,74.5
2656,24.5,74.75
2657,24.5,75.0
2658,24.5,75.25
2659,24.5,75.5
2660,24.5,75.75
2661,24.5,76.0
2662,24.5,76.25
2663,24.5,76.5
2664,24.5,76.75
2665,24.5,77.0
2666,24.5,77.25
2667,24.5,77.5
2668,24.5,77.75
2669,24.5,78.0
2670,24.5,78.25
2671,24.5,78.5
2672,24.5,78.75
2673,24.5,79.0
2674,24.5,79.25
2675,24.5,79.5
2676,24.5,79.75
2677,24.5,80.0
2678,24.5,80.25
2679,24.5,80.5
2680,24.5,80.75
2681,24.5,81.0
2682,24.5,81.25
2683,24.5,81.5
2684,24.5,81.75
2685,24.5,82.0
2686,24.5,82.25
2687,24.5,82.5
2688,24.5,82.75
2689,24.5,83.0
2690,24.5,83.25
2691,24.5,83.5
2692,24.5,83.75
2693,24.5,84.0
2694,24.5,84.25
2695,24.5,84.5
2696,24.5,84.75
2697,24.5,85.0
2698,24.5,85.25
2699,24.5,85.5
2700,24.5,85.75
2701,24.5,86.0
2702,24.5,86.25
2703,24.5,86.5
2704,24.5,86.75
2705,24.5,87.0
2706,24.5,87.25
2707,24.5,87.5
2708,24.5,87.75
2709,24.5,88.0
2710,24.5,88.25
2711,24.5,88.5
2712,24.5,91.75
2713,24.5,92.0
2714,24.5,92.25
2715,24.5,92.5
2716,24.5,92.75
2717,24.5,93.0
2718,24.5,93.25
2719,24.5,93.5
2720,24.5,93.75
2721,24.5,94.0
2722,24.5,94.25
2723,24.75,71.0
2724,24.75,71.25
2725,24.75,71.5
2726,24.75,71.75
2727,24.75,72.0
2728,24.75,72.25
2729,24.75,72.5
2730,24.75,72.75
2731,24.75,73.0
2732,24.75,73.25
2733,24.75,73.5
2734,24.75,73.75
2735,24.75,74.0
2736,24.75,74.25
2737,24.75,74.5
2738,24.75,74.75
2739,24.75,75.0
2740,24.75,75.25
2741,24.75,75.5
2742,24.75,75.75
2743,24.75,76.0
2744,24.75,76.25
2745,24.75,76.5
2746,24.75,76.75
2747,24.75,77.0
2748,24.75,77.25
2749,24.75,77.5
2750,24.75,77.75
2751,24.75,78.0
2752,24.75,78.25
2753,24.75,78.5
2754,24.75,78.75
2755,24.75,79.0
2756,24.75,79.25
2757,24.75,79.5
2758,24.75,79.75
2759,24.75,80.0
2760,24.75,80.25
2761,24.75,80.5
2762,24.75,80.75
2763,24.75,81.0
2764,24.75,81.25
2765,24.75,81.5
2766,24.75,81.75
2767,24.75,82.0
2768,24.75,82.25
2769,24.75,82.5
2770,24.75,82.75
2771,24.75,83.0
2772,24.75,83.25
2773,24.75,83.5
2774,24.75,83.75
2775,24.75,84.0
2776,24.75,84.25
2777,24.75,84.5
2778,24.75,84.75
2779,24.75,85.0
2780,24.75,85.25
2781,24.75,85.5
2782,24.75,85.75
2783,24.75,86.0
2784,24.75,86.25
2785,24.75,86.5
2786,24.75,86.75
2787,24.75,87.0
2788,24.75,87.25
2789,24.75,87.5
2790,24.75,87.75
2791,24.75,88.0
2792,24.75,92.25
2793,24.75,92.5
2794,24.75,92.75
2795,24.75,93.0
2796,24.75,93.25
2797,24.75,93.5
2798,24.75,93.75
2799,24.75,94.0
2800,24.75,94.25
2801,24.75,94.5
2802,25.0,70.75
2803,25.0,71.0
2804,25.0,71.25
2805,25.0,71.5
2806,25.0,71.75
2807,25.0,72.0
2808,25.0,72.25
2809,25.0,72.5
2810,25.0,72.75
2811,25.0,73.0
2812,25.0,73.25
2813,25.0,73.5
2814,25.0,73.75
2815,25.0,74.0
2816,25.0,74.25
2817,25.0,74.5
2818,25.0,74.75
2819,25.0,75.0
2820,25.0,75.25
2821,25.0,75.5
2822,25.0,75.75
2823,25.0,76.0
2824,25.0,76.25
2825,25.0,76.5
2826,25.0,76.75
2827,25.0,77.0
2828,25.0,77.25
2829,25.0,77.5
2830,25.0,77.75
2831,25.0,78.0
2832,25.0,78.25
2833,25.0,78.5
2834,25.0,78.75
2835,25.0,79.0
2836,25.0,79.25
2837,25.0,79.5
2838,25.0,79.75
2839,25.0,80.0
2840,25.0,80.25
2841,25.0,80.5
2842,25.0,80.75
2843,25.0,81.0
2844,25.0,81.25
2845,25.0,81.5
2846,25.0,81.75
2847,25.0,82.0
2848,25.0,82.25
2849,25.0,82.5
2850,25.0,82.75
2851,25.0,83.0
2852,25.0,83.25
2853,25.0,83.5
2854,25.0,83.75
2855,25.0,84.0
2856,25.0,84.25
2857,25.0,84.5
2858,25.0,84.75
2859,25.0,85.0
2860,25.0,85.25
2861,25.0,85.5
2862,25.0,85.75
2863,25.0,86.0
2864,25.0,86.25
2865,25.0,86.5
2866,25.0,86.75
2867,25.0,87.0
2868,25.0,87.25
2869,25.0,87.5
2870,25.0,87.75
2871,25.0,88.0
2872,25.0,88.25
2873,25.0,92.25
2874,25.0,92.5
2875,25.0,92.75
2876,25.0,93.0
2877,25.0,93.25
2878,25.0,93.5
2879,25.0,93.75
2880,25.0,94.0
2881,25.0,94.25
2882,25.0,94.5
2883,25.25,70.75
2884,25.25,71.0
2885,25.25,71.25
2886,25.25,71.5
2887,25.25,71.75
2888,25.25,72.0
2889,25.25,72.25
2890,25.25,72.5
2891,25.25,72.75
2892,25.25,73.0
2893,25.25,73.25
2894,25.25,73.5
2895,25.25,73.75
2896,25.25,74.0
2897,25.25,74.25
2898,25.25,74.5
2899,25.25,74.75
2900,25.25,75.0
2901,25.25,75.25
2902,25.25,75.5
2903,25.25,75.75
2904,25.25,76.0
2905,25.25,76.25
2906,25.25,76.5
2907,25.25,76.75
2908,25.25,77.0
2909,25.25,77.25
2910,25.25,77.5
2911,25.25,77.75
2912,25.25,78.0
2913,25.25,78.25
2914,25.25,78.5
2915,25.25,78.75
2916,25.25,79.0
2917,25.25,79.25
2918,25.25,79.5
2919,25.25,79.75
2920,25.25,80.0
2921,25.25,80.25
2922,25.25,80.5
2923,25.25,80.75
2924,25.25,81.0
2925,25.25,81.25
2926,25.25,81.5
2927,25.25,81.75
2928,25.25,82.0
2929,25.25,82.25
2930,25.25,82.5
2931,25.25,82.75
2932,25.25,83.0
2933,25.25,83.25
2934,25.25,83.5
2935,25.25,83.75
2936,25.25,84.0
2937,25.25,84.25
2938,25.25,84.5
2939,25.25,84.75
2940,25.25,85.0
2941,25.25,85.25
2942,25.25,85.5
2943,25.25,85.75
2944,25.25,86.0
2945,25.25,86.25
2946,25.25,86.5
2947,25.25,86.75
2948,25.25,87.0
2949,25.25,87.25
2950,25.25,87.5
2951,25.25,87.75
2952,25.25,88.0
2953,25.25,88.25
2954,25.25,88.5
2955,25.25,88.75
2956,25.25,90.25
2957,25.25,90.5
2958,25.25,90.75
2959,25.25,91.0
2960,25.25,91.25
2961,25.25,91.5
2962,25.25,91.75
2963,25.25,92.0
2964,25.25,92.25
2965,25.25,92.5
2966,25.25,92.75
2967,25.25,93.0
2968,25.25,93.25
2969,25.25,93.5
2970,25.25,93.75
2971,25.25,94.0
2972,25.25,94.25
2973,25.25,94.5
2974,25.5,70.5
2975,25.5,70.75
2976,25.5,71.0
2977,25.5,71.25
2978,25.5,71.5
2979,25.5,71.75
2980,25.5,72.0
2981,25.5,72.25
2982,25.5,72.5
2983,25.5,72.75
2984,25.5,73.0
2985,25.5,73.25
2986,25.5,73.5
2987,25.5,73.75
2988,25.5,74.0
2989,25.5,74.25
2990,25.5,74.5
2991,25.5,74.75
2992,25.5,75.0
2993,25.5,75.25
2994,25.5,75.5
2995,25.5,75.75
2996,25.5,76.0
2997,25.5,76.25
2998,25.5,76.5
2999,25.5,76.75
3000,25.5,77.0
3001,25.5,77.25
3002,25.5,77.5
3003,25.5,77.75
3004,25.5,78.0
3005,25.5,78.25
3006,25.5,78.5
3007,25.5,78.75
3008,25.5,79.0
3009,25.5,79.25
3010,25.5,79.5
3011,25.5,79.75
3012,25.5,80.0
3013,25.5,80.25
3014,25.5,80.5
3015,25.5,80.75
3016,25.5,81.0
3017,25.5,81.25
3018,25.5,81.5
3019,25.5,81.75
3020,25.5,82.0
3021,25.5,82.25
3022,25.5,82.5
3023,25.5,82.75
3024,25.5,83.0
3025,25.5,83.25
3026,25.5,83.5
3027,25.5,83.75
3028,25.5,84.0
3029,25.5,84.25
3030,25.5,84.5
3031,25.5,84.75
3032,25.5,85.0
3033,25.5,85.25
3034,25.5,85.5
3035,25.5,85.75
3036,25.5,86.0
3037,25.5,86.25
3038,25.5,86.5
3039,25.5,86.75
3040,25.5,87.0
3041,25.5,87.25
3042,25.5,87.5
3043,25.5,87.75
3044,25.5,88.0
3045,25.5,88.25
3046,25.5,88.5
3047,25.5,88.75
3048,25.5,89.75
3049,25.5,90.0
3050,25.5,90.25
3051,25.5,90.5
3052,25.5,90.75
3053,25.5,91.0
3054,25.5,91.25
3055,25.5,91.5
3056,25.5,91.75
3057,25.5,92.0
3058,25.5,92.25
3059,25.5,92.5
3060,25.5,92.75
3061,25.5,93.0
3062,25.5,93.25
3063,25.5,93.5
3064,25.5,93.75
3065,25.5,94.0
3066,25.5,94.25
3067,25.5,94.5
3068,25.75,70.25
3069,25.75,70.5
3070,25.75,70.75
3071,25.75,71.0
3072,25.75,71.25
3073,25.75,71.5
3074,25.75,71.75
3075,25.75,72.0
3076,25.75,72.25
3077,25.75,72.5
3078,25.75,72.75
3079,25.75,73.0
3080,25.75,73.25
3081,25.75,73.5
3082,25.75,73.75
3083,25.75,74.0
3084,25.75,74.25
3085,25.75,74.5
3086,25.75,74.75
3087,25.75,75.0
3088,25.75,75.25
3089,25.75,75.5
3090,25.75,75.75
3091,25.75,76.0
3092,25.75,76.25
3093,25.75,76.5
3094,25.75,76.75
3095,25.75,77.0
3096,25.75,77.25
3097,25.75,77.5
3098,25.75,77.75
3099,25.75,78.0
3100,25.75,78.25
3101,25.75,78.5
3102,25.75,78.75
3103,25.75,79.0
3104,25.75,79.25
3105,25.75,79.5
3106,25.75,79.75
3107,25.75,80.0
3108,25.75,80.25
3109,25.75,80.5
3110,25.75,80.75
3111,25.75,81.0
3112,25.75,81.25
3113,25.75,81.5
3114,25.75,81.75
3115,25.75,82.0
3116,25.75,82.25
3117,25.75,82.5
3118,25.75,82.75
3119,25.75,83.0
3120,25.75,83.25
3121,25.75,83.5
3122,25.75,83.75
3123,25.75,84.0
3124,25.75,84.25
3125,25.75,84.5
3126,25.75,84.75
3127,25.75,85.0
3128,25.75,85.25
3129,25.75,85.5
3130,25.75,85.75
3131,25.75,86.0
3132,25.75,86.25
3133,25.75,86.5
3134,25.75,86.75
3135,25.75,87.0
3136,25.75,87.25
3137,25.75,87.5
3138,25.75,87.75
3139,25.75,88.0
3140,25.75,88.25
3141,25.75,89.75
3142,25.75,90.0
3143,25.75,90.25
3144,25.75,90.5
3145,25.75,90.75
3146,25.75,91.0
3147,25.75,91.25
3148,25.75,91.5
3149,25.75,91.75
3150,25.75,92.0
3151,25.75,92.25
3152,25.75,92.5
3153,25.75,92.75
3154,25.75,93.0
3155,25.75,93.25
3156,25.75,93.5
3157,25.75,93.75
3158,25.75,94.0
3159,25.75,94.25
3160,25.75,94.5
3161,25.75,94.75
3162,25.75,95.0
3163,26.0,70.0
3164,26.0,70.25
3165,26.0,70.5
3166,26.0,70.75
3167,26.0,71.0
3168,26.0,71.25
3169,26.0,71.5
3170,26.0,71.75
3171,26.0,72.0
3172,26.0,72.25
3173,26.0,72.5
3174,26.0,72.75
3175,26.0,73.0
3176,26.0,73.25
3177,26.0,73.5
3178,26.0,73.75
3179,26.0,74.0
3180,26.0,74.25
3181,26.0,74.5
3182,26.0,74.75
3183,26.0,75.0
3184,26.0,75.25
3185,26.0,75.5
3186,26.0,75.75
3187,26.0,76.0
3188,26.0,76.25
3189,26.0,76.5
3190,26.0,76.75
3191,26.0,77.0
3192,26.0,77.25
3193,26.0,77.5
3194,26.0,77.75
3195,26.0,78.0
3196,26.0,78.25
3197,26.0,78.5
3198,26.0,78.75
3199,26.0,79.0
3200,26.0,79.25
3201,26.0,79.5
3202,26.0,79.75
3203,26.0,80.0
3204,26.0,80.25
3205,26.0,80.5
3206,26.0,80.75
3207,26.0,81.0
3208,26.0,81.25
3209,26.0,81.5
3210,26.0,81.75
3211,26.0,82.0
3212,26.0,82.25
3213,26.0,82.5
3214,26.0,82.75
3215,26.0,83.0
3216,26.0,83.25
3217,26.0,83.5
3218,26.0,83.75
3219,26.0,84.0
3220,26.0,84.25
3221,26.0,84.5
3222,26.0,84.75
3223,26.0,85.0
3224,26.0,85.25
3225,26.0,85.5
3226,26.0,85.75
3227,26.0,86.0
3228,26.0,86.25
3229,26.0,86.5
3230,26.0,86.75
3231,26.0,87.0
3232,26.0,87.25
3233,26.0,87.5
3234,26.0,87.75
3235,26.0,88.0
3236,26.0,88.25
3237,26.0,89.5
3238,26.0,89.75
3239,26.0,90.0
3240,26.0,90.25
3241,26.0,90.5
3242,26.0,90.75
3243,26.0,91.0
3244,26.0,91.25
3245,26.0,91.5
3246,26.0,91.75
3247,26.0,92.0
3248,26.0,92.25
3249,26.0,92.5
3250,26.0,92.75
3251,26.0,93.0
3252,26.0,93.25
3253,26.0,93.5
3254,26.0,93.75
3255,26.0,94.0
3256,26.0,94.25
3257,26.0,94.5
3258,26.0,94.75
3259,26.0,95.0
3260,26.25,70.0
3261,26.25,70.25
3262,26.25,70.5
3263,26.25,70.75
3264,26.25,71.0
3265,26.25,71.25
3266,26.25,71.5
3267,26.25,71.75
3268,26.25,72.0
3269,26.25,72.25
3270,26.25,72.5
3271,26.25,72.75
3272,26.25,73.0
3273,26.25,73.25
3274,26.25,73.5
3275,26.25,73.75
3276,26.25,74.0
3277,26.25,74.25
3278,26.25,74.5
3279,26.25,74.75
3280,26.25,75.0
3281,26.25,75.25
3282,26.25,75.5
3283,26.25,75.75
3284,26.25,76.0
3285,26.25,76.25
3286,26.25,76.5
3287,26.25,76.75
3288,26.25,77.0
3289,26.25,77.25
3290,26.25,77.5
3291,26.25,77.75
3292,26.25,78.0
3293,26.25,78.25
3294,26.25,78.5
3295,26.25,78.75
3296,26.25,79.0
3297,26.25,79.25
3298,26.25,79.5
3299,26.25,79.75
3300,26.25,80.0
3301,26.25,80.25
3302,26.25,80.5
3303,26.25,80.75
3304,26.25,81.0
3305,26.25,81.25
3306,26.25,81.5
3307,26.25,81.75
3308,26.25,82.0
3309,26.25,82.25
3310,26.25,82.5
3311,26.25,82.75
3312,26.25,83.0
3313,26.25,83.25
3314,26.25,83.5
3315,26.25,83.75
3316,26.25,84.0
3317,26.25,84.25
3318,26.25,84.5
3319,26.25,84.75
3320,26.25,85.0
3321,26.25,85.25
3322,26.25,85.5
3323,26.25,85.75
3324,26.25,86.0
3325,26.25,86.25
3326,26.25,86.5
3327,26.25,86.75
3328,26.25,87.0
3329,26.25,87.25
3330,26.25,87.5
3331,26.25,87.75
3332,26.25,88.0
3333,26.25,88.25
3334,26.25,88.75
3335,26.25,89.0
3336,26.25,89.25
3337,26.25,89.5
3338,26.25,89.75
3339,26.25,90.0
3340,26.25,90.25
3341,26.25,90.5
3342,26.25,90.75
3343,26.25,91.0
3344,26.25,91.25
3345,26.25,91.5
3346,26.25,91.75
3347,26.25,92.0
3348,26.25,92.25
3349,26.25,92.5
3350,26.25,92.75
3351,26.25,93.0
3352,26.25,93.25
3353,26.25,93.5
3354,26.25,93.75
3355,26.25,94.0
3356,26.25,94.25
3357,26.25,94.5
3358,26.25,94.75
3359,26.25,95.0
3360,26.5,70.0
3361,26.5,70.25
3362,26.5,70.5
3363,26.5,70.75
3364,26.5,71.0
3365,26.5,71.25
3366,26.5,71.5
3367,26.5,71.75
3368,26.5,72.0
3369,26.5,72.25
3370,26.5,72.5
3371,26.5,72.75
3372,26.5,73.0
3373,26.5,73.25
3374,26.5,73.5
3375,26.5,73.75
3376,26.5,74.0
3377,26.5,74.25
3378,26.5,74.5
3379,26.5,74.75
3380,26.5,75.0
3381,26.5,75.25
3382,26.5,75.5
3383,26.5,75.75
3384,26.5,76.0
3385,26.5,76.25
3386,26.5,76.5
3387,26.5,76.75
3388,26.5,77.0
3389,26.5,77.25
3390,26.5,77.5
3391,26.5,77.75
3392,26.5,78.0
3393,26.5,78.25
3394,26.5,78.5
3395,26.5,78.75
3396,26.5,79.0
3397,26.5,79.25
3398,26.5,79.5
3399,26.5,79.75
3400,26.5,80.0
3401,26.5,80.25
3402,26.5,80.5
3403,26.5,80.75
3404,26.5,81.0
3405,26.5,81.25
3406,26.5,81.5
3407,26.5,81.75
3408,26.5,82.0
3409,26.5,82.25
3410,26.5,82.5
3411,26.5,82.75
3412,26.5,83.0
3413,26.5,83.25
3414,26.5,83.5
3415,26.5,83.75
3416,26.5,84.0
3417,26.5,84.25
3418,26.5,84.5
3419,26.5,84.75
3420,26.5,85.0
3421,26.5,85.25
3422,26.5,85.5
3423,26.5,85.75
3424,26.5,86.0
3425,26.5,86.25
3426,26.5,86.5
3427,26.5,86.75
3428,26.5,87.0
3429,26.5,87.25
3430,26.5,87.5
3431,26.5,87.75
3432,26.5,88.0
3433,26.5,88.25
3434,26.5,88.5
3435,26.5,88.75
3436,26.5,89.0
3437,26.5,89.25
3438,26.5,89.5
3439,26.5,89.75
3440,26.5,90.0
3441,26.5,90.25
3442,26.5,90.5
3443,26.5,90.75
3444,26.5,91.0
3445,26.5,91.25
3446,26.5,91.5
3447,26.5,91.75
3448,26.5,92.0
3449,26.5,92.25
3450,26.5,92.5
3451,26.5,92.75
3452,26.5,93.0
3453,26.5,93.25
3454,26.5,93.5
3455,26.5,93.75
3456,26.5,94.0
3457,26.5,94.25
3458,26.5,94.5
3459,26.5,94.75
3460,26.5,95.0
3461,26.75,69.5
3462,26.75,69.75
3463,26.75,70.0
3464,26.75,70.25
3465,26.75,70.5
3466,26.75,70.75
3467,26.75,71.0
3468,26.75,71.25
3469,26.75,71.5
3470,26.75,71.75
3471,26.75,72.0
3472,26.75,72.25
3473,26.75,72.5
3474,26.75,72.75
3475,26.75,73.0
3476,26.75,73.25
3477,26.75,73.5
3478,26.75,73.75
3479,26.75,74.0
3480,26.75,74.25
3481,26.75,74.5
3482,26.75,74.75
3483,26.75,75.0
3484,26.75,75.25
3485,26.75,75.5
3486,26.75,75.75
3487,26.75,76.0
3488,26.75,76.25
3489,26.75,76.5
3490,26.75,76.75
3491,26.75,77.0
3492,26.75,77.25
3493,26.75,77.5
3494,26.75,77.75
3495,26.75,78.0
3496,26.75,78.25
3497,26.75,78.5
3498,26.75,78.75
3499,26.75,79.0
3500,26.75,79.25
3501,26.75,79.5
3502,26.75,79.75
3503,26.75,80.0
3504,26.75,80.25
3505,26.75,80.5
3506,26.75,80.75
3507,26.75,81.0
3508,26.75,81.25
3509,26.75,81.5
3510,26.75,81.75
3511,26.75,82.0
3512,26.75,82.25
3513,26.75,82.5
3514,26.75,82.75
3515,26.75,83.0
3516,26.75,83.25
3517,26.75,83.5
3518,26.75,83.75
3519,26.75,84.0
3520,26.75,84.25
3521,26.75,84.5
3522,26.75,84.75
3523,26.75,85.0
3524,26.75,85.25
3525,26.75,85.5
3526,26.75,85.75
3527,26.75,86.0
3528,26.75,86.25
3529,26.75,86.5
3530,26.75,87.0
3531,26.75,88.0
3532,26.75,88.25
3533,26.75,88.5
3534,26.75,88.75
3535,26.75,89.0
3536,26.75,89.25
3537,26.75,89.5
3538,26.75,89.75
3539,26.75,90.0
3540,26.75,90.25
3541,26.75,90.5
3542,26.75,90.75
3543,26.75,91.0
3544,26.75,91.25
3545,26.75,91.5
3546,26.75,91.75
3547,26.75,92.0
3548,26.75,92.25
3549,26.75,92.5
3550,26.75,92.75
3551,26.75,93.0
3552,26.75,93.25
3553,26.75,93.5
3554,26.75,93.75
3555,26.75,94.0
3556,26.75,94.25
3557,26.75,94.5
3558,26.75,94.75
3559,26.75,95.0
3560,26.75,95.25
3561,27.0,69.5
3562,27.0,69.75
3563,27.0,70.0
3564,27.0,70.25
3565,27.0,70.5
3566,27.0,70.75
3567,27.0,71.0
3568,27.0,71.25
3569,27.0,71.5
3570,27.0,71.75
3571,27.0,72.0
3572,27.0,72.25
3573,27.0,72.5
3574,27.0,72.75
3575,27.0,73.0
3576,27.0,73.25
3577,27.0,73.5
3578,27.0,73.75
3579,27.0,74.0
3580,27.0,74.25
3581,27.0,74.5
3582,27.0,74.75
3583,27.0,75.0
3584,27.0,75.25
3585,27.0,75.5
3586,27.0,75.75
3587,27.0,76.0
3588,27.0,76.25
3589,27.0,76.5
3590,27.0,76.75
3591,27.0,77.0
3592,27.0,77.25
3593,27.0,77.5
3594,27.0,77.75
3595,27.0,78.0
3596,27.0,78.25
3597,27.0,78.5
3598,27.0,78.75
3599,27.0,79.0
3600,27.0,79.25
3601,27.0,79.5
3602,27.0,79.75
3603,27.0,80.0
3604,27.0,80.25
3605,27.0,80.5
3606,27.0,80.75
3607,27.0,81.0
3608,27.0,81.25
3609,27.0,81.5
3610,27.0,81.75
3611,27.0,82.0
3612,27.0,82.25
3613,27.0,82.5
3614,27.0,82.75
3615,27.0,83.0
3616,27.0,83.25
3617,27.0,83.5
3618,27.0,83.75
3619,27.0,84.0
3620,27.0,84.25
3621,27.0,84.5
3622,27.0,84.75
3623,27.0,85.0
3624,27.0,85.25
3625,27.0,85.5
3626,27.0,88.0
3627,27.0,88.25
3628,27.0,88.5
3629,27.0,88.75
3630,27.0,89.0
3631,27.0,89.25
3632,27.0,89.5
3633,27.0,90.0
3634,27.0,90.25
3635,27.0,90.5
3636,27.0,90.75
3637,27.0,91.0
3638,27.0,91.25
3639,27.0,91.5
3640,27.0,91.75
3641,27.0,92.0
3642,27.0,92.25
3643,27.0,92.5
3644,27.0,92.75
3645,27.0,93.0
3646,27.0,93.25
3647,27.0,93.5
3648,27.0,93.75
3649,27.0,94.0
3650,27.0,94.25
3651,27.0,94.5
3652,27.0,94.75
3653,27.0,95.0
3654,27.0,95.25
3655,27.0,95.5
3656,27.0,95.75
3657,27.25,69.5
3658,27.25,69.75
3659,27.25,70.0
3660,27.25,70.25
3661,27.25,70.5
3662,27.25,70.75
3663,27.25,71.0
3664,27.25,71.25
3665,27.25,71.5
3666,27.25,71.75
3667,27.25,72.0
3668,27.25,72.25
3669,27.25,72.5
3670,27.25,72.75
3671,27.25,73.0
3672,27.25,73.25
3673,27.25,73.5
3674,27.25,73.75
3675,27.25,74.0
3676,27.25,74.25
3677,27.25,74.5
3678,27.25,74.75
3679,27.25,75.0
3680,27.25,75.25
3681,27.25,75.5
3682,27.25,75.75
3683,27.25,76.0
3684,27.25,76.25
3685,27.25,76.5
3686,27.25,76.75
3687,27.25,77.0
3688,27.25,77.25
3689,27.25,77.5
3690,27.25,77.75
3691,27.25,78.0
3692,27.25,78.25
3693,27.25,78.5
3694,27.25,78.75
3695,27.25,79.0
3696,27.25,79.25
3697,27.25,79.5
3698,27.25,79.75
3699,27.25,80.0
3700,27.25,80.25
3701,27.25,80.5
3702,27.25,80.75
3703,27.25,81.0
3704,27.25,81.25
3705,27.25,81.5
3706,27.25,81.75
3707,27.25,82.0
3708,27.25,82.25
3709,27.25,82.5
3710,27.25,82.75
3711,27.25,83.0
3712,27.25,83.25
3713,27.25,83.5
3714,27.25,83.75
3715,27.25,84.0
3716,27.25,84.25
3717,27.25,84.5
3718,27.25,84.75
3719,27.25,88.0
3720,27.25,88.25
3721,27.25,88.5
3722,27.25,88.75
3723,27.25,92.0
3724,27.25,92.25
3725,27.25,92.5
3726,27.25,92.75
3727,27.25,93.0
3728,27.25,93.25
3729,27.25,93.5
3730,27.25,93.75
3731,27.25,94.0
3732,27.25,94.25
3733,27.25,94.5
3734,27.25,94.75
3735,27.25,95.0
3736,27.25,95.25
3737,27.25,95.5
3738,27.25,95.75
3739,27.25,96.0
3740,27.25,96.75
3741,27.25,97.0
3742,27.5,69.5
3743,27.5,69.75
3744,27.5,70.0
3745,27.5,70.25
3746,27.5,70.5
3747,27.5,70.75
3748,27.5,71.0
3749,27.5,71.25
3750,27.5,71.5
3751,27.5,71.75
3752,27.5,72.0
3753,27.5,72.25
3754,27.5,72.5
3755,27.5,72.75
3756,27.5,73.0
3757,27.5,73.25
3758,27.5,73.5
3759,27.5,73.75
3760,27.5,74.0
3761,27.5,74.25
3762,27.5,74.5
3763,27.5,74.75
3764,27.5,75.0
3765,27.5,75.25
3766,27.5,75.5
3767,27.5,75.75
3768,27.5,76.0
3769,27.5,76.25
3770,27.5,76.5
3771,27.5,76.75
3772,27.5,77.0
3773,27.5,77.25
3774,27.5,77.5
3775,27.5,77.75
3776,27.5,78.0
3777,27.5,78.25
3778,27.5,78.5
3779,27.5,78.75
3780,27.5,79.0
3781,27.5,79.25
3782,27.5,79.5
3783,27.5,79.75
3784,27.5,80.0
3785,27.5,80.25
3786,27.5,80.5
3787,27.5,80.75
3788,27.5,81.0
3789,27.5,81.25
3790,27.5,81.5
3791,27.5,81.75
3792,27.5,82.0
3793,27.5,82.25
3794,27.5,82.5
3795,27.5,82.75
3796,27.5,83.0
3797,27.5,83.25
3798,27.5,83.5
3799,27.5,83.75
3800,27.5,84.0
3801,27.5,84.25
3802,27.5,84.5
3803,27.5,88.0
3804,27.5,88.25
3805,27.5,88.5
3806,27.5,88.75
3807,27.5,91.75
3808,27.5,92.0
3809,27.5,92.25
3810,27.5,92.5
3811,27.5,92.75
3812,27.5,93.0
3813,27.5,93.25
3814,27.5,93.5
3815,27.5,93.75
3816,27.5,94.0
3817,27.5,94.25
3818,27.5,94.5
3819,27.5,94.75
3820,27.5,95.0
3821,27.5,95.25
3822,27.5,95.5
3823,27.5,95.75
3824,27.5,96.0
3825,27.5,96.25
3826,27.5,96.5
3827,27.5,96.75
3828,27.5,97.0
3829,27.75,70.0
3830,27.75,70.25
3831,27.75,70.5
3832,27.75,70.75
3833,27.75,71.0
3834,27.75,71.25
3835,27.75,71.5
3836,27.75,71.75
3837,27.75,72.0
3838,27.75,72.25
3839,27.75,72.5
3840,27.75,72.75
3841,27.75,73.0
3842,27.75,73.25
3843,27.75,73.5
3844,27.75,73.75
3845,27.75,74.0
3846,27.75,74.25
3847,27.75,74.5
3848,27.75,74.75
3849,27.75,75.0
3850,27.75,75.25
3851,27.75,75.5
3852,27.75,75.75
3853,27.75,76.0
3854,27.75,76.25
3855,27.75,76.5
3856,27.75,76.75
3857,27.75,77.0
3858,27.75,77.25
3859,27.75,77.5
3860,27.75,77.75
3861,27.75,78.0
3862,27.75,78.25
3863,27.75,78.5
3864,27.75,78.75
3865,27.75,79.0
3866,27.75,79.25
3867,27.75,79.5
3868,27.75,79.75
3869,27.75,80.0
3870,27.75,80.25
3871,27.75,80.5
3872,27.75,80.75
3873,27.75,81.0
3874,27.75,81.25
3875,27.75,81.5
3876,27.75,81.75
3877,27.75,82.0
3878,27.75,82.25
3879,27.75,82.5
3880,27.75,82.75
3881,27.75,88.0
3882,27.75,88.25
3883,27.75,88.5
3884,27.75,88.75
3885,27.75,91.5
3886,27.75,91.75
3887,27.75,92.0
3888,27.75,92.25
3889,27.75,92.5
3890,27.75,92.75
3891,27.75,93.0
3892,27.75,93.25
3893,27.75,93.5
3894,27.75,93.75
3895,27.75,94.0
3896,27.75,94.25
3897,27.75,94.5
3898,27.75,94.75
3899,27.75,95.0
3900,27.75,95.25
3901,27.75,95.5
3902,27.75,95.75
3903,27.75,96.0
3904,27.75,96.25
3905,27.75,96.5
3906,27.75,96.75
3907,27.75,97.0
3908,28.0,70.0
3909,28.0,70.25
3910,28.0,70.5
3911,28.0,71.0
3912,28.0,71.25
3913,28.0,71.5
3914,28.0,71.75
3915,28.0,72.0
3916,28.0,72.25
3917,28.0,72.5
3918,28.0,72.75
3919,28.0,73.0
3920,28.0,73.25
3921,28.0,73.5
3922,28.0,73.75
3923,28.0,74.0
3924,28.0,74.25
3925,28.0,74.5
3926,28.0,74.75
3927,28.0,75.0
3928,28.0,75.25
3929,28.0,75.5
3930,28.0,75.75
3931,28.0,76.0
3932,28.0,76.25
3933,28.0,76.5
3934,28.0,76.75
3935,28.0,77.0
3936,28.0,77.25
3937,28.0,77.5
3938,28.0,77.75
3939,28.0,78.0
3940,28.0,78.25
3941,28.0,78.5
3942,28.0,78.75
3943,28.0,79.0
3944,28.0,79.25
3945,28.0,79.5
3946,28.0,79.75
3947,28.0,80.0
3948,28.0,80.25
3949,28.0,80.5
3950,28.0,80.75
3951,28.0,81.0
3952,28.0,81.25
3953,28.0,81.5
3954,28.0,81.75
3955,28.0,82.0
3956,28.0,82.25
3957,28.0,88.0
3958,28.0,88.25
3959,28.0,88.5
3960,28.0,88.75
3961,28.0,91.5
3962,28.0,91.75
3963,28.0,92.0
3964,28.0,92.25
3965,28.0,92.5
3966,28.0,92.75
3967,28.0,93.0
3968,28.0,93.25
3969,28.0,93.5
3970,28.0,93.75
3971,28.0,94.0
3972,28.0,94.25
3973,28.0,94.5
3974,28.0,94.75
3975,28.0,95.0
3976,28.0,95.25
3977,28.0,95.5
3978,28.0,95.75
3979,28.0,96.0
3980,28.0,96.25
3981,28.0,96.5
3982,28.0,96.75
3983,28.0,97.0
3984,28.0,97.25
3985,28.25,71.75
3986,28.25,72.0
3987,28.25,72.25
3988,28.25,72.5
3989,28.25,72.75
3990,28.25,73.0
3991,28.25,73.25
3992,28.25,73.5
3993,28.25,73.75
3994,28.25,74.0
3995,28.25,74.25
3996,28.25,74.5
3997,28.25,74.75
3998,28.25,75.0
3999,28.25,75.25
4000,28.25,75.5
4001,28.25,75.75
4002,28.25,76.0
4003,28.25,76.25
4004,28.25,76.5
4005,28.25,76.75
4006,28.25,77.0
4007,28.25,77.25
4008,28.25,77.5
4009,28.25,77.75
4010,28.25,78.0
4011,28.25,78.25
4012,28.25,78.5
4013,28.25,78.75
4014,28.25,79.0
4015,28.25,79.25
4016,28.25,79.5
4017,28.25,79.75
4018,28.25,80.0
4019,28.25,80.25
4020,28.25,80.5
4021,28.25,80.75
4022,28.25,81.0
4023,28.25,81.25
4024,28.25,81.5
4025,28.25,88.5
4026,28.25,88.75
4027,28.25,92.5
4028,28.25,92.75
4029,28.25,93.0
4030,28.25,93.25
4031,28.25,93.5
4032,28.25,93.75
4033,28.25,94.0
4034,28.25,94.25
4035,28.25,94.5
4036,28.25,94.75
4037,28.25,95.0
4038,28.25,95.25
4039,28.25,95.5
4040,28.25,95.75
4041,28.25,96.0
4042,28.25,96.25
4043,28.25,96.5
4044,28.25,96.75
4045,28.25,97.0
4046,28.25,97.25
4047,28.5,72.0
4048,28.5,72.25
4049,28.5,72.5
4050,28.5,72.75
4051,28.5,73.0
4052,28.5,73.25
4053,28.5,73.5
4054,28.5,73.75
4055,28.5,74.0
4056,28.5,74.25
4057,28.5,74.5
4058,28.5,74.75
4059,28.5,75.0
4060,28.5,75.25
4061,28.5,75.5
4062,28.5,75.75
4063,28.5,76.0
4064,28.5,76.25
4065,28.5,76.5
4066,28.5,76.75
4067,28.5,77.0
4068,28.5,77.25
4069,28.5,77.5
4070,28.5,77.75
4071,28.5,78.0
4072,28.5,78.25
4073,28.5,78.5
4074,28.5,78.75
4075,28.5,79.0
4076,28.5,79.25
4077,28.5,79.5
4078,28.5,79.75
4079,28.5,80.0
4080,28.5,80.25
4081,28.5,80.5
4082,28.5,80.75
4083,28.5,81.0
4084,28.5,81.25
4085,28.5,93.0
4086,28.5,93.25
4087,28.5,93.5
4088,28.5,93.75
4089,28.5,94.0
4090,28.5,94.25
4091,28.5,94.5
4092,28.5,94.75
4093,28.5,95.0
4094,28.5,95.25
4095,28.5,95.5
4096,28.5,95.75
4097,28.5,96.0
4098,28.5,96.25
4099,28.5,96.5
4100,28.5,96.75
4101,28.5,97.0
4102,28.75,72.25
4103,28.75,72.5
4104,28.75,72.75
4105,28.75,73.0
4106,28.75,73.25
4107,28.75,73.5
4108,28.75,73.75
4109,28.75,74.0
4110,28.75,74.25
4111,28.75,74.5
4112,28.75,74.75
4113,28.75,75.0
4114,28.75,75.25
4115,28.75,75.5
4116,28.75,75.75
4117,28.75,76.0
4118,28.75,76.25
4119,28.75,76.5
4120,28.75,76.75
4121,28.75,77.0
4122,28.75,77.25
4123,28.75,77.5
4124,28.75,77.75
4125,28.75,78.0
4126,28.75,78.25
4127,28.75,78.5
4128,28.75,78.75
4129,28.75,79.0
4130,28.75,79.25
4131,28.75,79.5
4132,28.75,79.75
4133,28.75,80.0
4134,28.75,80.25
4135,28.75,80.5
4136,28.75,80.75
4137,28.75,93.25
4138,28.75,93.5
4139,28.75,93.75
4140,28.75,94.0
4141,28.75,94.25
4142,28.75,94.5
4143,28.75,94.75
4144,28.75,95.0
4145,28.75,95.25
4146,28.75,95.5
4147,28.75,95.75
4148,28.75,96.0
4149,28.75,96.25
4150,28.75,96.5
4151,29.0,72.25
4152,29.0,72.5
4153,29.0,72.75
4154,29.0,73.0
4155,29.0,73.25
4156,29.0,73.5
4157,29.0,73.75
4158,29.0,74.0
4159,29.0,74.25
4160,29.0,74.5
4161,29.0,74.75
4162,29.0,75.0
4163,29.0,75.25
4164,29.0,75.5
4165,29.0,75.75
4166,29.0,76.0
4167,29.0,76.25
4168,29.0,76.5
4169,29.0,76.75
4170,29.0,77.0
4171,29.0,77.25
4172,29.0,77.5
4173,29.0,77.75
4174,29.0,78.0
4175,29.0,78.25
4176,29.0,78.5
4177,29.0,78.75
4178,29.0,79.0
4179,29.0,79.25
4180,29.0,79.5
4181,29.0,79.75
4182,29.0,80.0
4183,29.0,94.0
4184,29.0,94.25
4185,29.0,94.5
4186,29.0,94.75
4187,29.0,95.0
4188,29.0,95.25
4189,29.0,95.5
4190,29.0,95.75
4191,29.0,96.0
4192,29.0,96.25
4193,29.0,96.5
4194,29.25,72.75
4195,29.25,73.0
4196,29.25,73.25
4197,29.25,73.5
4198,29.25,73.75
4199,29.25,74.0
4200,29.25,74.25
4201,29.25,74.5
4202,29.25,74.75
4203,29.25,75.0
4204,29.25,75.25
4205,29.25,75.5
4206,29.25,75.75
4207,29.25,76.0
4208,29.25,76.25
4209,29.25,76.5
4210,29.25,76.75
4211,29.25,77.0
4212,29.25,77.25
4213,29.25,77.5
4214,29.25,77.75
4215,29.25,78.0
4216,29.25,78.25
4217,29.25,78.5
4218,29.25,78.75
4219,29.25,79.0
4220,29.25,79.25
4221,29.25,79.5
4222,29.25,79.75
4223,29.25,80.0
4224,29.25,80.25
4225,29.25,94.0
4226,29.25,94.25
4227,29.25,94.5
4228,29.25,94.75
4229,29.25,95.0
4230,29.25,95.25
4231,29.25,95.5
4232,29.25,95.75
4233,29.25,96.0
4234,29.25,96.25
4235,29.25,96.5
4236,29.5,73.0
4237,29.5,73.25
4238,29.5,73.5
4239,29.5,73.75
4240,29.5,74.0
4241,29.5,74.25
4242,29.5,74.5
4243,29.5,74.75
4244,29.5,75.0
4245,29.5,75.25
4246,29.5,75.5
4247,29.5,75.75
4248,29.5,76.0
4249,29.5,76.25
4250,29.5,76.5
4251,29.5,76.75
4252,29.5,77.0
4253,29.5,77.25
4254,29.5,77.5
4255,29.5,77.75
4256,29.5,78.0
4257,29.5,78.25
4258,29.5,78.5
4259,29.5,78.75
4260,29.5,79.0
4261,29.5,79.25
4262,29.5,79.5
4263,29.5,79.75
4264,29.5,80.0
4265,29.5,80.25
4266,29.5,94.5
4267,29.5,95.5
4268,29.5,95.75
4269,29.5,96.0
4270,29.5,96.25
4271,29.75,73.0
4272,29.75,73.25
4273,29.75,73.5
4274,29.75,73.75
4275,29.75,74.0
4276,29.75,74.25
4277,29.75,74.5
4278,29.75,74.75
4279,29.75,75.0
4280,29.75,75.25
4281,29.75,75.5
4282,29.75,75.75
4283,29.75,76.0
4284,29.75,76.25
4285,29.75,76.5
4286,29.75,76.75
4287,29.75,77.0
4288,29.75,77.25
4289,29.75,77.5
4290,29.75,77.75
4291,29.75,78.0
4292,29.75,78.25
4293,29.75,78.5
4294,29.75,78.75
4295,29.75,79.0
4296,29.75,79.25
4297,29.75,79.5
4298,29.75,79.75
4299,29.75,80.0
4300,29.75,80.25
4301,30.0,73.25
4302,30.0,73.5
4303,30.0,73.75
4304,30.0,74.0
4305,30.0,74.25
4306,30.0,74.5
4307,30.0,74.75
4308,30.0,75.0
4309,30.0,75.25
4310,30.0,75.5
4311,30.0,75.75
4312,30.0,76.0
4313,30.0,76.25
4314,30.0,76.5
4315,30.0,76.75
4316,30.0,77.0
4317,30.0,77.25
4318,30.0,77.5
4319,30.0,77.75
4320,30.0,78.0
4321,30.0,78.25
4322,30.0,78.5
4323,30.0,78.75
4324,30.0,79.0
4325,30.0,79.25
4326,30.0,79.5
4327,30.0,79.75
4328,30.0,80.0
4329,30.0,80.25
4330,30.0,80.5
4331,30.25,73.5
4332,30.25,73.75
4333,30.25,74.0
4334,30.25,74.25
4335,30.25,74.5
4336,30.25,74.75
4337,30.25,75.0
4338,30.25,75.25
4339,30.25,75.5
4340,30.25,75.75
4341,30.25,76.0
4342,30.25,76.25
4343,30.25,76.5
4344,30.25,76.75
4345,30.25,77.0
4346,30.25,77.25
4347,30.25,77.5
4348,30.25,77.75
4349,30.25,78.0
4350,30.25,78.25
4351,30.25,78.5
4352,30.25,78.75
4353,30.25,79.0
4354,30.25,79.25
4355,30.25,79.5
4356,30.25,79.75
4357,30.25,80.0
4358,30.25,80.25
4359,30.25,80.5
4360,30.25,80.75
4361,30.25,81.0
4362,30.5,73.75
4363,30.5,74.0
4364,30.5,74.25
4365,30.5,74.5
4366,30.5,74.75
4367,30.5,75.0
4368,30.5,75.25
4369,30.5,75.5
4370,30.5,75.75
4371,30.5,76.0
4372,30.5,76.25
4373,30.5,76.5
4374,30.5,76.75
4375,30.5,77.0
4376,30.5,77.25
4377,30.5,77.5
4378,30.5,77.75
4379,30.5,78.0
4380,30.5,78.25
4381,30.5,78.5
4382,30.5,78.75
4383,30.5,79.0
4384,30.5,79.25
4385,30.5,79.5
4386,30.5,79.75
4387,30.5,80.0
4388,30.5,80.25
4389,30.5,80.5
4390,30.5,80.75
4391,30.75,74.0
4392,30.75,74.25
4393,30.75,74.5
4394,30.75,74.75
4395,30.75,75.0
4396,30.75,75.25
4397,30.75,75.5
4398,30.75,75.75
4399,30.75,76.0
4400,30.75,76.25
4401,30.75,76.5
4402,30.75,76.75
4403,30.75,77.0
4404,30.75,77.25
4405,30.75,77.5
4406,30.75,77.75
4407,30.75,78.0
4408,30.75,78.25
4409,30.75,78.5
4410,30.75,78.75
4411,30.75,79.0
4412,30.75,79.25
4413,30.75,79.5
4414,30.75,79.75
4415,30.75,80.0
4416,30.75,80.25
4417,31.0,74.25
4418,31.0,74.5
4419,31.0,74.75
4420,31.0,75.0
4421,31.0,75.25
4422,31.0,75.5
4423,31.0,75.75
4424,31.0,76.0
4425,31.0,76.25
4426,31.0,76.5
4427,31.0,76.75
4428,31.0,77.0
4429,31.0,77.25
4430,31.0,77.5
4431,31.0,77.75
4432,31.0,78.0
4433,31.0,78.25
4434,31.0,78.5
4435,31.0,78.75
4436,31.0,79.0
4437,31.0,79.25
4438,31.0,79.5
4439,31.0,79.75
4440,31.0,80.0
4441,31.25,74.5
4442,31.25,74.75
4443,31.25,75.0
4444,31.25,75.25
4445,31.25,75.5
4446,31.25,75.75
4447,31.25,76.0
4448,31.25,76.25
4449,31.25,76.5
4450,31.25,76.75
4451,31.25,77.0
4452,31.25,77.25
4453,31.25,77.5
4454,31.25,77.75
4455,31.25,78.0
4456,31.25,78.25
4457,31.25,78.5
4458,31.25,78.75
4459,31.25,79.0
4460,31.25,79.25
4461,31.25,79.5
4462,31.5,74.5
4463,31.5,74.75
4464,31.5,75.0
4465,31.5,75.25
4466,31.5,75.5
4467,31.5,75.75
4468,31.5,76.0
4469,31.5,76.25
4470,31.5,76.5
4471,31.5,76.75
4472,31.5,77.0
4473,31.5,77.25
4474,31.5,77.5
4475,31.5,77.75
4476,31.5,78.0
4477,31.5,78.25
4478,31.5,78.5
4479,31.5,78.75
4480,31.5,79.0
4481,31.75,74.5
4482,31.75,74.75
4483,31.75,75.0
4484,31.75,75.25
4485,31.75,75.5
4486,31.75,75.75
4487,31.75,76.0
4488,31.75,76.25
4489,31.75,76.5
4490,31.75,76.75
4491,31.75,77.0
4492,31.75,77.25
4493,31.75,77.5
4494,31.75,77.75
4495,31.75,78.0
4496,31.75,78.25
4497,31.75,78.5
4498,31.75,78.75
4499,32.0,74.5
4500,32.0,74.75
4501,32.0,75.0
4502,32.0,75.25
4503,32.0,75.5
4504,32.0,75.75
4505,32.0,76.0
4506,32.0,76.25
4507,32.0,76.5
4508,32.0,76.75
4509,32.0,77.0
4510,32.0,77.25
4511,32.0,77.5
4512,32.0,77.75
4513,32.0,78.0
4514,32.0,78.25
4515,32.0,78.5
4516,32.0,78.75
4517,32.25,74.75
4518,32.25,75.0
4519,32.25,75.25
4520,32.25,75.5
4521,32.25,75.75
4522,32.25,76.0
4523,32.25,76.25
4524,32.25,76.5
4525,32.25,76.75
4526,32.25,77.0
4527,32.25,77.25
4528,32.25,77.5
4529,32.25,77.75
4530,32.25,78.0
4531,32.25,78.25
4532,32.25,78.5
4533,32.5,74.75
4534,32.5,75.0
4535,32.5,75.25
4536,32.5,75.5
4537,32.5,75.75
4538,32.5,76.0
4539,32.5,76.25
4540,32.5,76.5
4541,32.5,76.75
4542,32.5,77.0
4543,32.5,77.25
4544,32.5,77.5
4545,32.5,77.75
4546,32.5,78.0
4547,32.5,78.25
4548,32.5,78.5
4549,32.5,78.75
4550,32.5,79.0
4551,32.75,74.5
4552,32.75,74.75
4553,32.75,75.0
4554,32.75,75.25
4555,32.75,75.5
4556,32.75,75.75
4557,32.75,76.0
4558,32.75,76.25
4559,32.75,76.5
4560,32.75,76.75
4561,32.75,77.0
4562,32.75,77.25
4563,32.75,77.5
4564,32.75,77.75
4565,32.75,78.0
4566,32.75,78.25
4567,32.75,78.5
4568,32.75,78.75
4569,32.75,79.0
4570,32.75,79.25
4571,32.75,79.5
4572,33.0,73.75
4573,33.0,74.0
4574,33.0,74.25
4575,33.0,74.5
4576,33.0,74.75
4577,33.0,75.0
4578,33.0,75.25
4579,33.0,75.5
4580,33.0,75.75
4581,33.0,76.0
4582,33.0,76.25
4583,33.0,76.5
4584,33.0,76.75
4585,33.0,77.0
4586,33.0,77.25
4587,33.0,77.5
4588,33.0,77.75
4589,33.0,78.0
4590,33.0,78.25
4591,33.0,78.5
4592,33.0,78.75
4593,33.0,79.0
4594,33.0,79.25
4595,33.0,79.5
4596,33.25,73.5
4597,33.25,73.75
4598,33.25,74.0
4599,33.25,74.25
4600,33.25,74.5
4601,33.25,74.75
4602,33.25,75.0
4603,33.25,75.25
4604,33.25,75.5
4605,33.25,75.75
4606,33.25,76.0
4607,33.25,76.25
4608,33.25,76.5
4609,33.25,76.75
4610,33.25,77.0
4611,33.25,77.25
4612,33.25,77.5
4613,33.25,77.75
4614,33.25,78.0
4615,33.25,78.25
4616,33.25,78.5
4617,33.25,78.75
4618,33.25,79.0
4619,33.25,79.25
4620,33.5,73.5
4621,33.5,73.75
4622,33.5,74.0
4623,33.5,74.25
4624,33.5,74.5
4625,33.5,74.75
4626,33.5,75.0
4627,33.5,75.25
4628,33.5,75.5
4629,33.5,75.75
4630,33.5,76.0
4631,33.5,76.25
4632,33.5,76.5
4633,33.5,76.75
4634,33.5,77.0
4635,33.5,77.25
4636,33.5,77.5
4637,33.5,77.75
4638,33.5,78.0
4639,33.5,78.25
4640,33.5,78.5
4641,33.5,78.75
4642,33.5,79.0
4643,33.5,79.25
4644,33.75,73.5
4645,33.75,73.75
4646,33.75,74.0
4647,33.75,74.25
4648,33.75,74.5
4649,33.75,74.75
4650,33.75,75.0
4651,33.75,75.25
4652,33.75,75.5
4653,33.75,75.75
4654,33.75,76.0
4655,33.75,76.25
4656,33.75,76.5
4657,33.75,76.75
4658,33.75,77.0
4659,33.75,77.25
4660,33.75,77.5
4661,33.75,77.75
4662,33.75,78.0
4663,33.75,78.25
4664,33.75,78.5
4665,33.75,78.75
4666,33.75,79.0
4667,34.0,73.5
4668,34.0,73.75
4669,34.0,74.0
4670,34.0,74.25
4671,34.0,74.5
4672,34.0,74.75
4673,34.0,75.0
4674,34.0,75.25
4675,34.0,75.5
4676,34.0,75.75
4677,34.0,76.0
4678,34.0,76.25
4679,34.0,76.5
4680,34.0,76.75
4681,34.0,77.0
4682,34.0,77.25
4683,34.0,77.5
4684,34.0,77.75
4685,34.0,78.0
4686,34.0,78.25
4687,34.0,78.5
4688,34.0,78.75
4689,34.0,79.0
4690,34.25,73.5
4691,34.25,73.75
4692,34.25,74.0
4693,34.25,74.25
4694,34.25,74.5
4695,34.25,74.75
4696,34.25,75.0
4697,34.25,75.25
4698,34.25,75.5
4699,34.25,75.75
4700,34.25,76.0
4701,34.25,76.25
4702,34.25,76.5
4703,34.25,76.75
4704,34.25,77.0
4705,34.25,77.25
4706,34.25,77.5
4707,34.25,77.75
4708,34.25,78.0
4709,34.25,78.25
4710,34.25,78.5
4711,34.25,78.75
4712,34.25,79.0
4713,34.25,79.25
4714,34.25,79.5
4715,34.5,73.25
4716,34.5,73.5
4717,34.5,73.75
4718,34.5,74.0
4719,34.5,74.25
4720,34.5,74.5
4721,34.5,74.75
4722,34.5,75.0
4723,34.5,75.25
4724,34.5,75.5
4725,34.5,75.75
4726,34.5,76.0
4727,34.5,76.25
4728,34.5,76.5
4729,34.5,76.75
4730,34.5,77.0
4731,34.5,77.25
4732,34.5,77.5
4733,34.5,77.75
4734,34.5,78.0
4735,34.5,78.25
4736,34.5,78.5
4737,34.5,78.75
4738,34.5,79.0
4739,34.5,79.25
4740,34.5,79.5
4741,34.5,79.75
4742,34.75,73.25
4743,34.75,73.5
4744,34.75,73.75
4745,34.75,74.0
4746,34.75,74.25
4747,34.75,74.5
4748,34.75,74.75
4749,34.75,75.0
4750,34.75,75.25
4751,34.75,75.5
4752,34.75,75.75
4753,34.75,76.0
4754,34.75,76.25
4755,34.75,76.5
4756,34.75,76.75
4757,34.75,77.0
4758,34.75,77.25
4759,34.75,77.5
4760,34.75,77.75
4761,34.75,78.0
4762,34.75,78.25
4763,34.75,78.5
4764,34.75,78.75
4765,34.75,79.0
4766,34.75,79.25
4767,34.75,79.5
4768,34.75,79.75
4769,34.75,80.0
4770,35.0,73.75
4771,35.0,74.0
4772,35.0,74.25
4773,35.0,74.5
4774,35.0,74.75
4775,35.0,75.0
4776,35.0,75.25
4777,35.0,75.5
4778,35.0,75.75
4779,35.0,76.0
4780,35.0,76.25
4781,35.0,76.5
4782,35.0,76.75
4783,35.0,77.0
4784,35.0,77.25
4785,35.0,77.5
4786,35.0,77.75
4787,35.0,78.0
4788,35.0,78.25
4789,35.0,78.5
4790,35.0,78.75
4791,35.0,79.0
4792,35.0,79.25
4793,35.0,79.5
4794,35.0,79.75
4795,35.0,80.0
4796,35.25,73.75
4797,35.25,74.0
4798,35.25,74.25
4799,35.25,74.5
4800,35.25,74.75
4801,35.25,75.0
4802,35.25,75.25
4803,35.25,75.5
4804,35.25,75.75
4805,35.25,76.0
4806,35.25,76.25
4807,35.25,76.5
4808,35.25,76.75
4809,35.25,77.0
4810,35.25,77.25
4811,35.25,77.5
4812,35.25,77.75
4813,35.25,78.0
4814,35.25,78.25
4815,35.25,78.5
4816,35.25,78.75
4817,35.25,79.0
4818,35.25,79.25
4819,35.25,79.5
4820,35.25,79.75
4821,35.25,80.0
4822,35.5,73.5
4823,35.5,73.75
4824,35.5,74.0
4825,35.5,74.25
4826,35.5,74.5
4827,35.5,74.75
4828,35.5,75.0
4829,35.5,75.25
4830,35.5,75.5
4831,35.5,75.75
4832,35.5,76.0
4833,35.5,76.25
4834,35.5,76.5
4835,35.5,76.75
4836,35.5,77.0
4837,35.5,77.25
4838,35.5,77.5
4839,35.5,77.75
4840,35.5,78.0
4841,35.5,78.25
4842,35.5,78.5
4843,35.5,78.75
4844,35.5,79.0
4845,35.5,79.25
4846,35.5,79.5
4847,35.5,79.75
4848,35.5,80.0
4849,35.5,80.25
4850,35.75,73.0
4851,35.75,73.25
4852,35.75,73.5
4853,35.75,73.75
4854,35.75,74.0
4855,35.75,74.25
4856,35.75,74.5
4857,35.75,74.75
4858,35.75,75.0
4859,35.75,75.25
4860,35.75,75.5
4861,35.75,75.75
4862,35.75,76.0
4863,35.75,76.25
4864,35.75,76.5
4865,35.75,76.75
4866,35.75,77.0
4867,35.75,77.25
4868,35.75,77.75
4869,35.75,78.0
4870,35.75,78.25
4871,35.75,78.5
4872,35.75,78.75
4873,35.75,79.0
4874,35.75,79.25
4875,35.75,79.5
4876,35.75,79.75
4877,35.75,80.0
4878,35.75,80.25
4879,36.0,72.5
4880,36.0,72.75
4881,36.0,73.0
4882,36.0,73.25
4883,36.0,73.5
4884,36.0,73.75
4885,36.0,74.0
4886,36.0,74.25
4887,36.0,74.5
4888,36.0,74.75
4889,36.0,75.0
4890,36.0,75.25
4891,36.0,75.5
4892,36.0,75.75
4893,36.0,76.0
4894,36.0,76.25
4895,36.0,76.5
4896,36.0,76.75
4897,36.0,77.0
4898,36.0,78.5
4899,36.0,78.75
4900,36.0,79.0
4901,36.0,79.25
4902,36.0,79.5
4903,36.0,79.75
4904,36.0,80.0
4905,36.25,72.5
4906,36.25,72.75
4907,36.25,73.0
4908,36.25,73.25
4909,36.25,73.5
4910,36.25,73.75
4911,36.25,74.0
4912,36.25,74.25
4913,36.25,74.5
4914,36.25,74.75
4915,36.25,75.0
4916,36.25,75.25
4917,36.25,75.5
4918,36.25,75.75
4919,36.25,76.0
4920,36.25,76.25
4921,36.25,76.5
4922,36.25,76.75
4923,36.5,72.5
4924,36.5,72.75
4925,36.5,73.0
4926,36.5,73.25
4927,36.5,73.5
4928,36.5,73.75
4929,36.5,74.0
4930,36.5,74.25
4931,36.5,74.5
4932,36.5,74.75
4933,36.5,75.0
4934,36.5,75.25
4935,36.5,75.5
4936,36.5,75.75
4937,36.5,76.0
4938,36.5,76.25
4939,36.75,73.0
4940,36.75,73.25
4941,36.75,73.5
4942,36.75,73.75
4943,36.75,74.0
4944,36.75,74.25
4945,36.75,74.5
4946,36.75,74.75
4947,36.75,75.0
4948,36.75,75.25
4949,36.75,75.5
4950,36.75,75.75
4951,37.0,73.5
4952,37.0,73.75
4953,37.0,74.0
4954,37.0,74.25
4955,37.0,74.5
4956,37.0,74.75
4957,37.0,75.0
4958,37.0,75.25
4959,37.0,75.5
4960,37.25,74.5
4961,37.25,74.75
4962,37.25,75.0
4963,37.25,75.25
