cell,t,date,year,E,D,ant30,S,map_mm
1,7282,2010-12-09,2010,219.386,2,377.702,0.785855,1175.99
2,8352,2013-11-13,2013,0,0,67.6258,0.891178,793.185
5,8352,2013-11-13,2013,78.1355,2,177.709,0.782586,1679.28
12,6829,2009-09-12,2009,0,0,222.697,0.898307,1693.69
37,7523,2011-08-07,2011,554.885,34,407.161,0.821125,3004.94
38,7522,2011-08-06,2011,65.928,8,375.652,0.970203,3849.54
39,7457,2011-06-02,2011,235.27,10,103.827,0.993082,2777.04
39,7899,2012-08-17,2012,167.161,13,175.477,0.993082,2777.04
51,6357,2008-05-28,2008,0,0,88.6561,0.93235,3495.56
51,7239,2010-10-27,2010,18.9808,1,397.133,0.93235,3495.56
51,7457,2011-06-02,2011,288.267,10,127.659,0.93235,3495.56
51,7899,2012-08-17,2012,194.124,13,199.125,0.93235,3495.56
51,8254,2013-08-07,2013,2804.91,75,94.1514,0.93235,3495.56
52,7455,2011-05-31,2011,143.345,8,117.599,0.979777,2057.96
52,7456,2011-06-01,2011,171.324,9,117.599,0.979777,2057.96
52,7457,2011-06-02,2011,271.823,10,117.599,0.979777,2057.96
52,8252,2013-08-05,2013,1078.25,70,79.8531,0.979777,2057.96
52,9297,2016-06-15,2016,134.128,22,170.419,0.979777,2057.96
53,7899,2012-08-17,2012,183.572,13,184.474,0.940362,1142.06
61,7965,2012-10-22,2012,122.014,14,102.855,0.805067,3137.05
62,7206,2010-09-24,2010,384.923,17,330.591,0.841144,3333.59
63,7594,2011-10-17,2011,7.79898,1,30.4903,0.999311,3380.25
63,7899,2012-08-17,2012,273.162,30,304.685,0.999311,3380.25
63,8252,2013-08-05,2013,2856.04,73,88.7544,0.999311,3380.25
63,8254,2013-08-07,2013,2914.9,75,88.7544,0.999311,3380.25
63,8573,2014-06-22,2014,384.46,17,127.616,0.999311,3380.25
64,7457,2011-06-02,2011,221.783,10,89.7773,0.970425,2710.58
64,8251,2013-08-04,2013,2092.47,69,76.4201,0.970425,2710.58
64,8252,2013-08-05,2013,2227.51,70,76.4201,0.970425,2710.58
76,8254,2013-08-07,2013,1868.49,68,47.788,0.981941,3210.02
78,6886,2009-11-08,2009,303.123,11,114.082,0.926084,1473.5
79,7259,2010-11-16,2010,0,0,227.607,0.869331,1199.23
79,7266,2010-11-23,2010,140.237,7,227.607,0.869331,1199.23
79,7611,2011-11-03,2011,238.161,13,36.8018,0.869331,1199.23
79,9106,2015-12-07,2015,47.6034,5,226.081,0.869331,1199.23
80,8700,2014-10-27,2014,174.898,21,134.134,0.842746,944.48
93,7592,2011-10-15,2011,0,0,41.1,0.68489,893.816
139,6836,2009-09-19,2009,38.1326,6,375.246,0.793929,2458.55
140,8241,2013-07-25,2013,158.248,18,144.759,0.97265,1382.03
141,6252,2008-02-13,2008,185.069,5,14.8195,0.978849,1145.15
141,8363,2013-11-24,2013,62.662,8,164.434,0.978849,1145.15
141,8524,2014-05-04,2014,6.75423,3,9.51597,0.978849,1145.15
142,7471,2011-06-16,2011,147.568,15,75.1957,0.776575,1919.47
142,7964,2012-10-21,2012,120.857,13,46.0714,0.776575,1919.47
146,9069,2015-10-31,2015,0,0,109.724,0.587554,782.933
155,6850,2009-10-03,2009,109.992,2,198.725,0.953427,2968.97
156,6850,2009-10-03,2009,102.797,2,185.571,0.961414,2694.78
156,7873,2012-07-22,2012,980.701,51,65.0987,0.961414,2694.78
158,8211,2013-06-25,2013,259.676,31,102.814,0.937351,1466.75
159,6142,2007-10-26,2007,241.431,10,12.3284,0.952349,1459.75
159,6385,2008-06-25,2008,0,0,153.651,0.952349,1459.75
159,6887,2009-11-09,2009,423.93,15,53.6548,0.952349,1459.75
181,8634,2014-08-22,2014,1.49756,1,57.0435,0.905128,847.95
184,6141,2007-10-25,2007,93.2925,6,23.1863,0.887691,842.334
253,7141,2010-07-21,2010,1446.57,49,126.697,0.868713,4031.67
253,7151,2010-07-31,2010,1981.16,59,126.697,0.868713,4031.67
253,8877,2015-04-22,2015,33.861,3,63.9456,0.868713,4031.67
253,8960,2015-07-14,2015,1045.78,46,254.711,0.868713,4031.67
274,7149,2010-07-29,2010,2070.51,54,124.745,0.859236,3786.54
274,7482,2011-06-27,2011,128.915,6,675.438,0.859236,3786.54
275,7115,2010-06-25,2010,671.661,20,91.2745,0.874315,4180.6
275,7117,2010-06-27,2010,865.069,22,91.2745,0.874315,4180.6
275,7254,2010-11-11,2010,168.112,16,353.03,0.874315,4180.6
285,6247,2008-02-08,2008,0,0,0,0.708358,898.502
295,9083,2015-11-14,2015,619.857,18,97.1844,0.743549,1406.28
363,8356,2013-11-17,2013,41.5462,1,223.531,0.891694,1126.12
372,6433,2008-08-12,2008,193.751,21,65.7052,0.722951,875.421
393,6433,2008-08-12,2008,1099.57,22,407.171,0.98858,3442.01
433,6019,2007-06-25,2007,0,0,215.108,0.688405,805.755
439,6849,2009-10-02,2009,174.081,4,415.798,0.970039,3612.33
439,7251,2010-11-08,2010,58.2715,6,401.451,0.970039,3612.33
439,9415,2016-10-11,2016,244.509,3,205.008,0.970039,3612.33
440,6849,2009-10-02,2009,69.6218,5,580.673,0.939313,3409.87
463,6062,2007-08-07,2007,4628.32,60,53.2983,0.934867,4761.96
463,6849,2009-10-02,2009,5386.18,123,15.5106,0.934867,4761.96
464,9300,2016-06-18,2016,286.789,16,30.2908,0.922946,4849.21
465,8965,2015-07-19,2015,120.567,12,627.049,0.981707,2334.17
489,6430,2008-08-09,2008,2178.52,71,0,0.987696,3816.42
489,6462,2008-09-10,2008,165.024,4,791.384,0.987696,3816.42
489,9305,2016-06-23,2016,688.825,19,30.644,0.987696,3816.42
489,9310,2016-06-28,2016,1003.6,24,30.644,0.987696,3816.42
490,7474,2011-06-19,2011,877.281,21,1.03741,0.984489,3867.65
514,6052,2007-07-28,2007,1411.7,52,85.308,0.836339,3067.09
514,6093,2007-09-07,2007,2916.52,93,85.308,0.836339,3067.09
514,7472,2011-06-17,2011,640.637,19,5.26255,0.836339,3067.09
514,8542,2014-05-22,2014,78.768,4,37.4807,0.836339,3067.09
514,8971,2015-07-25,2015,501.19,18,920.413,0.836339,3067.09
514,9324,2016-07-12,2016,1547.18,41,5.87236,0.836339,3067.09
515,7469,2011-06-14,2011,626.697,16,1.01971,0.989367,4390.33
515,7914,2012-09-01,2012,328.4,7,1094.74,0.989367,4390.33
515,8264,2013-08-17,2013,4023.56,73,111.265,0.989367,4390.33
515,8934,2015-06-18,2015,268.65,14,67.2644,0.989367,4390.33
516,8219,2013-07-03,2013,1207.65,28,63.6127,0.989903,4197.71
541,7502,2011-07-17,2011,1956.87,47,2.89727,0.875642,3462.02
542,7523,2011-08-07,2011,2491.18,66,4.60651,0.992486,4009.8
542,8314,2013-10-06,2013,65.0998,3,288.275,0.992486,4009.8
558,6019,2007-06-25,2007,451.046,13,116.291,0.649048,714.95
571,7150,2010-07-30,2010,523.465,17,395.405,0.937463,1643.82
590,9335,2016-07-23,2016,0,0,54.3689,0.791029,838.829
634,7142,2010-07-22,2010,1919.37,46,0,0.953893,5005.22
661,7177,2010-08-26,2010,170.982,15,137.412,0.692808,1013.14
661,7182,2010-08-31,2010,252.315,20,137.412,0.692808,1013.14
661,7199,2010-09-17,2010,75.9393,6,387.327,0.692808,1013.14
661,7223,2010-10-11,2010,0,0,134.748,0.692808,1013.14
661,8333,2013-10-25,2013,143.651,4,109.684,0.692808,1013.14
662,7079,2010-05-20,2010,83.1035,2,11.9146,0.657885,1139.21
662,7182,2010-08-31,2010,267.416,20,194.942,0.657885,1139.21
662,9284,2016-06-02,2016,41.8951,1,173.239,0.657885,1139.21
669,6848,2009-10-01,2009,192.367,3,399.214,0.877248,3770.68
705,7472,2011-06-17,2011,837.471,15,2.17869,0.934651,3313.72
706,6019,2007-06-25,2007,653.657,18,23.2762,0.999495,3522.7
706,7144,2010-07-24,2010,2045.47,49,0.123916,0.999495,3522.7
706,7145,2010-07-25,2010,2153.12,50,0.123916,0.999495,3522.7
706,7146,2010-07-26,2010,2262.31,51,0.123916,0.999495,3522.7
706,7169,2010-08-18,2010,3004.32,74,0.123916,0.999495,3522.7
706,8211,2013-06-25,2013,966.04,30,6.42897,0.999495,3522.7
781,8938,2015-06-22,2015,842.755,18,22.7813,0.963285,3358.18
802,6068,2007-08-13,2007,11.8212,2,142.78,0.713379,866.929
861,9040,2015-10-02,2015,11.4837,2,181.479,0.930984,1068.04
861,9118,2015-12-19,2015,0,0,5.6118,0.930984,1068.04
864,7551,2011-09-04,2011,4352.29,95,8.16321,0.992023,5008.41
908,9308,2016-06-26,2016,78.0284,9,34.9576,0.934568,3092.52
946,7243,2010-10-31,2010,52.338,2,192.991,0.955286,1144.6
952,8527,2014-05-07,2014,0,0,0,0.914452,3911.25
953,9346,2016-08-03,2016,239.04,7,861.508,0.988009,2356.81
976,6019,2007-06-25,2007,19.8047,5,76.7121,0.260591,1012.42
998,7105,2010-06-15,2010,99.7924,9,0.203024,0.921909,3936.62
998,8938,2015-06-22,2015,465.673,11,16.7002,0.921909,3936.62
998,8965,2015-07-19,2015,145.557,13,766.458,0.921909,3936.62
998,8978,2015-08-01,2015,838.896,26,766.458,0.921909,3936.62
998,8984,2015-08-07,2015,901.16,32,766.458,0.921909,3936.62
998,8992,2015-08-15,2015,993.163,40,766.458,0.921909,3936.62
999,6754,2009-06-29,2009,266.465,11,9.20304,0.97654,2172.45
999,8937,2015-06-21,2015,101.3,10,38.8668,0.97654,2172.45
1036,9023,2015-09-15,2015,569.28,38,67.7071,0.735471,1500.87
1036,9024,2015-09-16,2015,696.217,39,67.7071,0.735471,1500.87
1044,6019,2007-06-25,2007,315.603,14,273.329,0.935264,2996.49
1044,6820,2009-09-03,2009,305.481,15,175.559,0.935264,2996.49
1044,7115,2010-06-25,2010,188.62,3,403.375,0.935264,2996.49
1044,7168,2010-08-17,2010,1661.15,56,403.375,0.935264,2996.49
1044,7916,2012-09-03,2012,276.089,9,514.145,0.935264,2996.49
1044,8204,2013-06-18,2013,857.245,11,23.4312,0.935264,2996.49
1044,8269,2013-08-22,2013,3002.18,76,23.4312,0.935264,2996.49
1045,8938,2015-06-22,2015,435.03,15,4.3293,0.926796,3738.28
1088,8685,2014-10-12,2014,55.1429,2,139.837,0.925029,1320.07
1092,7098,2010-06-08,2010,19.1703,2,0.368998,0.969922,2675.55
1092,7115,2010-06-25,2010,123.208,3,292.454,0.969922,2675.55
1092,7142,2010-07-22,2010,731.013,30,292.454,0.969922,2675.55
1092,7151,2010-07-31,2010,1225.82,39,292.454,0.969922,2675.55
1092,7168,2010-08-17,2010,1679.24,56,292.454,0.969922,2675.55
1092,7170,2010-08-19,2010,1730.42,58,292.454,0.969922,2675.55
1092,7544,2011-08-28,2011,1784.43,54,459.984,0.969922,2675.55
1092,8240,2013-07-24,2013,1967.51,47,18.8973,0.969922,2675.55
1092,8645,2014-09-02,2014,271.795,12,1033.31,0.969922,2675.55
1092,9303,2016-06-21,2016,17.9345,1,1.45985,0.969922,2675.55
1092,9343,2016-07-31,2016,1645.84,41,1.45985,0.969922,2675.55
1093,7181,2010-08-30,2010,238.202,13,919.784,0.865949,2824.65
1095,8241,2013-07-25,2013,385.797,27,278.521,0.905366,1052.76
1095,8611,2014-07-30,2014,360.264,15,43.4516,0.905366,1052.76
1095,9315,2016-07-03,2016,19.8214,2,62.0312,0.905366,1052.76
1095,9345,2016-08-02,2016,47.1813,3,327.886,0.905366,1052.76
1133,9024,2015-09-16,2015,179.502,10,256.549,0.963027,1356.24
1135,8615,2014-08-03,2014,399.626,30,62.5811,0.895292,1332.77
1137,8685,2014-10-12,2014,97.3543,2,136.615,0.891278,1252.48
1140,9029,2015-09-21,2015,117.878,3,264.329,0.87303,2720.39
1141,7917,2012-09-04,2012,1644.14,73,209.783,0.928269,2690.58
1187,9308,2016-06-26,2016,0,0,149.48,0.894371,1311.1
1194,7497,2011-07-12,2011,571.688,32,110.392,0.895209,3350.51
1357,8632,2014-08-20,2014,1012.66,36,130.553,0.854013,2340.43
1434,7841,2012-06-20,2012,151.816,10,0.267909,0.368941,849.271
1661,6109,2007-09-23,2007,314.559,23,489.568,0.735781,1481.33
1733,8257,2013-08-10,2013,630.264,31,192.146,0.63741,1426.62
2005,6054,2007-07-30,2007,1562.65,90,172.998,0.982901,1208.97
2080,6086,2007-08-31,2007,0,0,142.631,0.718106,1602.55
2085,7195,2010-09-13,2010,1687.09,97,345.952,0.982113,2583.87
2168,8626,2014-08-14,2014,333.841,4,148.481,0.768377,2681.71
2259,9003,2015-08-26,2015,1102.7,78,148.446,0.972784,2256.24
2260,7195,2010-09-13,2010,1984.87,119,118.859,0.970764,2311.78
2350,9005,2015-08-28,2015,443.119,24,367.063,0.991544,2289.88
2351,7195,2010-09-13,2010,1894.08,120,145.842,0.980553,2290.23
2352,9340,2016-07-28,2016,939.964,77,104.103,0.938383,2155.05
2442,7985,2012-11-11,2012,0,0,14.1878,0.993473,2323.21
2443,6852,2009-10-05,2009,4.06398,1,278.841,0.983679,2347.2
2443,7157,2010-08-06,2010,1152.48,83,195.816,0.983679,2347.2
2443,7195,2010-09-13,2010,1767.79,121,195.816,0.983679,2347.2
2443,7198,2010-09-16,2010,1823.41,124,195.816,0.983679,2347.2
2443,8166,2013-05-11,2013,188.121,10,39.8568,0.983679,2347.2
2443,8595,2014-07-14,2014,63.3361,5,193.681,0.983679,2347.2
2443,9004,2015-08-27,2015,445.483,23,356.761,0.983679,2347.2
2443,9022,2015-09-14,2015,11.0151,4,431.224,0.983679,2347.2
2443,9391,2016-09-17,2016,369.316,23,302.594,0.983679,2347.2
2443,12236,2024-07-02,2024,409.16,30,315.365,0.983679,2347.2
2444,9003,2015-08-26,2015,682.658,46,299.99,0.975682,2306.19
2530,8163,2013-05-08,2013,406.403,12,68.104,0.796781,2405.86
2531,7093,2010-06-03,2010,447.606,15,488.595,0.957707,2494.34
2535,9004,2015-08-27,2015,707.503,47,271.994,0.995927,2416.11
2540,8978,2015-08-01,2015,332.797,17,240.302,0.944171,1212.97
2561,8654,2014-09-11,2014,40.8642,4,100.575,0.725259,645.564
2608,8243,2013-07-27,2013,29.4487,8,137.47,0.686084,1097
2628,7198,2010-09-16,2010,734.052,39,567.345,0.994316,2469.24
2632,6096,2007-09-10,2007,142.941,11,88.4006,0.945674,1395.84
2632,8978,2015-08-01,2015,332.691,17,240.377,0.945674,1395.84
2633,7507,2011-07-22,2011,0,0,0,0.863916,1237.79
2648,7525,2011-08-09,2011,56.2864,1,226.743,0.802633,886.757
2648,8974,2015-07-28,2015,575.752,9,174.252,0.802633,886.757
2715,7093,2010-06-03,2010,820.374,48,393.598,0.940515,2774.78
2715,9269,2016-05-18,2016,270.974,5,386.203,0.940515,2774.78
2716,9269,2016-05-18,2016,260.388,6,420.192,0.977181,2747.71
2721,8978,2015-08-01,2015,332.488,17,240.645,0.94193,1450.26
2722,8978,2015-08-01,2015,332.8,17,240.3,0.906787,1241.07
2782,9287,2016-06-05,2016,0,0,49.6877,0.813947,964.047
2792,8529,2014-05-09,2014,182.179,8,153.83,0.980149,2857.15
2795,7553,2011-09-06,2011,106.3,7,442.926,0.961327,2539
2795,8968,2015-07-22,2015,355.5,11,256.545,0.961327,2539
2797,6137,2007-10-21,2007,92.8962,7,71.2436,0.970387,1496.21
2797,7178,2010-08-27,2010,11.6155,3,155.345,0.970387,1496.21
2797,7220,2010-10-08,2010,91.1272,3,120.095,0.970387,1496.21
2797,8264,2013-08-17,2013,134.206,7,299.113,0.970387,1496.21
2797,8988,2015-08-11,2015,84.502,7,387.199,0.970387,1496.21
2799,7025,2010-03-27,2010,9.46909,1,20.1631,0.842542,1380.63
2799,7220,2010-10-08,2010,100.749,3,137.342,0.842542,1380.63
2800,8977,2015-07-31,2015,244.88,16,240.277,0.942266,1261.08
2873,8996,2015-08-19,2015,298.767,20,383.58,0.922153,3088.33
2874,8843,2015-03-19,2015,0,0,20.2755,0.987314,2637.98
2875,7106,2010-06-16,2010,959.206,65,319.762,0.993794,2387.04
2875,7145,2010-07-25,2010,1361.68,104,319.762,0.993794,2387.04
2875,7448,2011-05-24,2011,312.049,5,153.116,0.993794,2387.04
2875,7824,2012-06-03,2012,344.049,23,514.229,0.993794,2387.04
2877,8988,2015-08-11,2015,88.1485,7,391.295,0.994404,1681.5
2878,6081,2007-08-26,2007,32.1767,5,102.356,0.999578,1424.86
2878,6806,2009-08-20,2009,206.79,29,171.412,0.999578,1424.86
2878,7149,2010-07-29,2010,295.285,29,276.727,0.999578,1424.86
2878,7170,2010-08-19,2010,47.8198,10,283.933,0.999578,1424.86
2878,7446,2011-05-22,2011,189.005,16,134.26,0.999578,1424.86
2878,8167,2013-05-12,2013,202.564,12,92.3682,0.999578,1424.86
2878,8279,2013-09-01,2013,0,0,318.961,0.999578,1424.86
2879,6379,2008-06-19,2008,91.0955,13,120.608,0.999317,1382.73
2879,7151,2010-07-31,2010,374.991,31,301.937,0.999317,1382.73
2880,7483,2011-06-28,2011,104.458,4,247.299,0.923053,1379.32
2881,8977,2015-07-31,2015,240.124,16,239.97,0.908178,1391.26
2881,8978,2015-08-01,2015,323.398,17,239.97,0.908178,1391.26
2881,9319,2016-07-07,2016,88.3306,6,193.643,0.908178,1391.26
2882,8978,2015-08-01,2015,328.385,17,240.132,0.879638,1363.09
2957,8996,2015-08-19,2015,1882.76,20,1202.76,0.871886,6250.78
2957,9331,2016-07-19,2016,1644.61,32,612.202,0.871886,6250.78
2964,7050,2010-04-21,2010,175.814,9,263.351,0.930561,2833.51
2964,7070,2010-05-11,2010,452.402,29,263.351,0.930561,2833.51
2965,8996,2015-08-19,2015,130.613,15,349.523,0.998973,2256.19
2967,6813,2009-08-27,2009,44.7582,2,236.562,0.998484,1562.98
2967,7030,2010-04-01,2010,133.173,6,17.3044,0.998484,1562.98
2967,7221,2010-10-09,2010,94.7073,4,189.03,0.998484,1562.98
2967,7824,2012-06-03,2012,91.8043,7,179.495,0.998484,1562.98
2968,7105,2010-06-15,2010,342.743,40,104.527,0.996456,1400.22
2968,7824,2012-06-03,2012,63.6891,7,123.713,0.996456,1400.22
2970,7455,2011-05-31,2011,58.2697,4,127.905,0.999499,1425.21
2970,8935,2015-06-19,2015,0,0,114.378,0.999499,1425.21
2971,6086,2007-08-31,2007,153.563,11,263.226,0.998067,1484.74
2971,7220,2010-10-08,2010,114.008,8,221.262,0.998067,1484.74
2971,7221,2010-10-09,2010,142.146,9,221.262,0.998067,1484.74
2973,7149,2010-07-29,2010,100.368,3,293.382,0.919823,1520.72
2973,7166,2010-08-15,2010,47.711,9,374.985,0.919823,1520.72
2973,8978,2015-08-01,2015,280.267,17,238.756,0.919823,1520.72
3022,9343,2016-07-31,2016,63.0801,8,218.408,0.526449,842.557
3045,8946,2015-06-30,2015,182.052,22,152.084,0.472563,1465.08
3050,6051,2007-07-27,2007,1125.04,44,646.167,0.873548,3002.97
3050,8932,2015-06-16,2015,1092.49,37,233.488,0.873548,3002.97
3050,8995,2015-08-18,2015,186.134,14,200.876,0.873548,3002.97
3056,8666,2014-09-23,2014,352.294,24,566.698,0.881227,3323.43
3057,7118,2010-06-28,2010,1046.45,46,208.273,0.957203,2588.15
3057,9031,2015-09-23,2015,1151.64,55,300.552,0.957203,2588.15
3058,8929,2015-06-13,2015,339.175,33,160.087,0.89017,1772.63
3062,6806,2009-08-20,2009,173.198,30,212.105,0.933431,1288.59
3065,6095,2007-09-09,2007,296.735,20,315.103,0.999488,1523.6
3065,7149,2010-07-29,2010,81.7285,3,293.714,0.999488,1523.6
3065,7170,2010-08-19,2010,86.3339,10,347.572,0.999488,1523.6
3065,7172,2010-08-21,2010,131.521,12,347.572,0.999488,1523.6
3065,7492,2011-07-07,2011,184.441,13,235.383,0.999488,1523.6
3065,7514,2011-07-29,2011,209.903,19,267.804,0.999488,1523.6
3065,8228,2013-07-12,2013,291.341,17,109.458,0.999488,1523.6
3065,8968,2015-07-22,2015,216.032,17,183.677,0.999488,1523.6
3065,8989,2015-08-12,2015,66.9879,8,289.994,0.999488,1523.6
3066,7178,2010-08-27,2010,244.328,19,361.99,0.947222,1532.14
3066,7220,2010-10-08,2010,60.8097,4,256.297,0.947222,1532.14
3066,7221,2010-10-09,2010,102.694,5,256.297,0.947222,1532.14
3066,7476,2011-06-21,2011,218.361,25,131.725,0.947222,1532.14
3066,8262,2013-08-15,2013,197.203,20,375.197,0.947222,1532.14
3066,9337,2016-07-25,2016,27.0574,5,280.163,0.947222,1532.14
3067,8321,2013-10-13,2013,0,0,154.57,0.970128,1577.37
3142,8666,2014-09-23,2014,526.835,5,228.689,0.736824,2878.43
3144,8664,2014-09-21,2014,97.8447,3,250.144,0.948751,2754.6
3157,7529,2011-08-13,2011,102.615,12,260.344,0.969097,1622.07
3158,6132,2007-10-16,2007,71.9853,4,125.016,0.998973,1587.68
3158,6428,2008-08-07,2008,226.083,10,337.897,0.998973,1587.68
3158,6450,2008-08-29,2008,465.651,32,337.897,0.998973,1587.68
3158,7164,2010-08-13,2010,14.1217,3,304.234,0.998973,1587.68
3158,7194,2010-09-12,2010,0,0,364.369,0.998973,1587.68
3158,7221,2010-10-09,2010,92.5753,5,290.386,0.998973,1587.68
3158,7222,2010-10-10,2010,92.5753,6,290.386,0.998973,1587.68
3158,7496,2011-07-11,2011,31.0422,1,229.7,0.998973,1587.68
3158,8228,2013-07-12,2013,312.026,17,114.48,0.998973,1587.68
3158,8996,2015-08-19,2015,2.48755,1,171.58,0.998973,1587.68
3158,8997,2015-08-20,2015,10.2334,2,171.58,0.998973,1587.68
3159,7534,2011-08-18,2011,289.88,28,356.396,0.985534,1590.96
3159,8313,2013-10-05,2013,22.9362,2,143.745,0.985534,1590.96
3159,9322,2016-07-10,2016,187.189,19,256.268,0.985534,1590.96
3160,7220,2010-10-08,2010,26.0424,3,236.12,0.976584,1659.94
3160,8979,2015-08-02,2015,21.0545,5,273.115,0.976584,1659.94
3161,9340,2016-07-28,2016,66.5972,8,298.782,0.979227,1731.31
3246,7843,2012-06-22,2012,71.7317,11,162.856,0.958344,1735.41
3246,7846,2012-06-25,2012,105.396,14,162.856,0.958344,1735.41
3246,8166,2013-05-11,2013,89.8255,7,84.9419,0.958344,1735.41
3246,8665,2014-09-22,2014,252.224,23,414.886,0.958344,1735.41
3246,8678,2014-10-05,2014,0,0,369.016,0.958344,1735.41
3246,8971,2015-07-25,2015,70.2946,6,216.694,0.958344,1735.41
3247,8999,2015-08-22,2015,150.168,10,215.039,0.916607,1347.06
3256,7486,2011-07-01,2011,120.836,11,248.707,0.959902,1677.74
3257,7126,2010-07-06,2010,502.005,54,139.878,0.98157,1790.24
3257,8217,2013-07-01,2013,74.2806,12,130.114,0.98157,1790.24
3257,8251,2013-08-04,2013,467.793,46,130.114,0.98157,1790.24
3257,8940,2015-06-24,2015,85.8514,4,249.177,0.98157,1790.24
3257,9338,2016-07-26,2016,54.2956,6,306.404,0.98157,1790.24
3258,7126,2010-07-06,2010,513.839,54,147.691,0.994183,1804.43
3258,7165,2010-08-14,2010,216.141,19,281.72,0.994183,1804.43
3302,9325,2016-07-13,2016,0,0,169.196,0.292042,608.704
3346,6043,2007-07-19,2007,682.994,48,165.054,0.921522,1634.33
3346,6099,2007-09-13,2007,613.433,35,489.58,0.921522,1634.33
3346,7049,2010-04-20,2010,123.438,8,85.6495,0.921522,1634.33
3346,7823,2012-06-02,2012,10.9118,3,103.877,0.921522,1634.33
3346,7841,2012-06-20,2012,99.1678,9,180.479,0.921522,1634.33
3346,8166,2013-05-11,2013,98.0402,15,58.4205,0.921522,1634.33
3346,8314,2013-10-06,2013,43.299,3,168.421,0.921522,1634.33
3346,8577,2014-06-26,2014,106.061,8,108.364,0.921522,1634.33
3346,8578,2014-06-27,2014,125.051,9,108.364,0.921522,1634.33
3346,8579,2014-06-28,2014,154.162,10,108.364,0.921522,1634.33
3346,8665,2014-09-22,2014,127.765,5,199.217,0.921522,1634.33
3346,9009,2015-09-01,2015,64.7094,6,271.405,0.921522,1634.33
3346,9031,2015-09-23,2015,60.2839,4,201.801,0.921522,1634.33
3346,9304,2016-06-22,2016,176.696,18,189.475,0.921522,1634.33
3346,9326,2016-07-14,2016,92.8637,18,204.349,0.921522,1634.33
3346,9332,2016-07-20,2016,173.759,24,204.349,0.921522,1634.33
3357,7105,2010-06-15,2010,258.654,33,151.715,0.982878,1820.56
3357,7475,2011-06-20,2011,222.818,24,183.952,0.982878,1820.56
3357,8251,2013-08-04,2013,587.494,51,155.395,0.982878,1820.56
3357,9296,2016-06-14,2016,64.6774,10,335.739,0.982878,1820.56
3358,7126,2010-07-06,2010,781.01,87,121.974,0.986636,1855.15
3358,7165,2010-08-14,2010,245.015,19,323.61,0.986636,1855.15
3358,7168,2010-08-17,2010,325.342,22,323.61,0.986636,1855.15
3358,7170,2010-08-19,2010,347.795,24,323.61,0.986636,1855.15
3359,7165,2010-08-14,2010,1264.98,99,182.613,0.998685,1926.41
3447,9009,2015-09-01,2015,306.705,17,125.266,0.583407,1888.58
3460,7107,2010-06-17,2010,658.812,41,219.557,0.992292,2037.14
3460,8263,2013-08-16,2013,268.763,17,476.856,0.992292,2037.14
3532,6758,2009-07-03,2009,743.835,22,308.684,0.994593,3767.29
3532,6777,2009-07-22,2009,1029.31,41,308.684,0.994593,3767.29
3532,6802,2009-08-16,2009,1847.33,66,308.684,0.994593,3767.29
3532,7106,2010-06-16,2010,567.161,33,153.666,0.994593,3767.29
3532,7124,2010-07-04,2010,1215.92,51,153.666,0.994593,3767.29
3532,7472,2011-06-17,2011,291.658,20,259.591,0.994593,3767.29
3532,7575,2011-09-28,2011,663.853,28,655.682,0.994593,3767.29
3532,7870,2012-07-19,2012,1065.59,18,558.33,0.994593,3767.29
3532,8947,2015-07-01,2015,1049.54,52,154.741,0.994593,3767.29
3533,6007,2007-06-13,2007,190.524,12,345.135,0.840763,3638.74
3533,6009,2007-06-15,2007,256.119,14,345.135,0.840763,3638.74
3533,6802,2009-08-16,2009,218.715,8,800.542,0.840763,3638.74
3533,9416,2016-10-12,2016,123.416,6,642.911,0.840763,3638.74
3558,8258,2013-08-11,2013,189.285,12,481.289,0.958626,2007.24
3559,7126,2010-07-06,2010,827.466,43,325.01,0.966633,2140.68
3559,7139,2010-07-19,2010,1060.91,56,325.01,0.966633,2140.68
3559,7140,2010-07-20,2010,1077.44,57,325.01,0.966633,2140.68
3559,8217,2013-07-01,2013,234.34,17,179.797,0.966633,2140.68
3559,8263,2013-08-16,2013,200.478,17,481.776,0.966633,2140.68
3559,9240,2016-04-19,2016,319.825,15,116.334,0.966633,2140.68
3586,7820,2012-05-30,2012,0,0,6.3422,0.722162,603.713
3596,6494,2008-10-12,2008,0,0,78.7134,0.383245,599.142
3626,9332,2016-07-20,2016,970.625,47,158.409,0.98733,2516.29
3626,9338,2016-07-26,2016,1170.08,53,158.409,0.98733,2516.29
3627,6057,2007-08-02,2007,914.22,30,511.258,0.999012,3199.57
3627,6084,2007-08-29,2007,187.755,8,745.289,0.999012,3199.57
3627,6091,2007-09-05,2007,343.61,15,745.289,0.999012,3199.57
3627,6093,2007-09-07,2007,447.423,17,745.289,0.999012,3199.57
3627,6380,2008-06-20,2008,585.001,38,193.948,0.999012,3199.57
3627,6720,2009-05-26,2009,252.526,18,221.686,0.999012,3199.57
3627,6777,2009-07-22,2009,912.497,51,316.36,0.999012,3199.57
3627,6802,2009-08-16,2009,178.343,8,638.16,0.999012,3199.57
3627,6806,2009-08-20,2009,467.279,12,638.16,0.999012,3199.57
3627,7156,2010-08-05,2010,1674.96,83,122.523,0.999012,3199.57
3627,7157,2010-08-06,2010,1701.34,84,122.523,0.999012,3199.57
3627,7472,2011-06-17,2011,262.299,20,235.919,0.999012,3199.57
3627,7572,2011-09-25,2011,392.108,26,537.032,0.999012,3199.57
3627,7927,2012-09-14,2012,381.753,6,565.487,0.999012,3199.57
3627,8929,2015-06-13,2015,300.816,34,139.006,0.999012,3199.57
3627,8943,2015-06-27,2015,524.631,48,139.006,0.999012,3199.57
3627,8945,2015-06-29,2015,585.248,50,139.006,0.999012,3199.57
3627,8946,2015-06-30,2015,591.447,51,139.006,0.999012,3199.57
3627,8947,2015-07-01,2015,750.729,52,139.006,0.999012,3199.57
3627,8953,2015-07-07,2015,850.517,58,139.006,0.999012,3199.57
3627,9416,2016-10-12,2016,198.455,13,724.509,0.999012,3199.57
3628,6080,2007-08-25,2007,53.2343,4,1172.25,0.999449,3848.27
3628,6390,2008-06-30,2008,990.89,35,200.283,0.999449,3848.27
3628,6742,2009-06-17,2009,248.705,17,211.763,0.999449,3848.27
3628,6802,2009-08-16,2009,1887.71,77,211.763,0.999449,3848.27
3628,6806,2009-08-20,2009,2134.22,81,211.763,0.999449,3848.27
3628,7101,2010-06-11,2010,355.071,29,144.127,0.999449,3848.27
3628,7106,2010-06-16,2010,519.206,34,144.127,0.999449,3848.27
3628,7168,2010-08-17,2010,3206.72,96,144.127,0.999449,3848.27
3628,7170,2010-08-19,2010,3365.08,98,144.127,0.999449,3848.27
3628,7475,2011-06-20,2011,387.449,23,277.019,0.999449,3848.27
3628,7502,2011-07-17,2011,1622.92,50,277.019,0.999449,3848.27
3628,7504,2011-07-19,2011,1644.23,52,277.019,0.999449,3848.27
3628,7505,2011-07-20,2011,1651.68,53,277.019,0.999449,3848.27
3628,8294,2013-09-16,2013,47.7302,2,543.6,0.999449,3848.27
3628,8596,2014-07-15,2014,1123.85,43,319.957,0.999449,3848.27
3628,8947,2015-07-01,2015,1200.78,52,126.753,0.999449,3848.27
3628,8953,2015-07-07,2015,1352.3,58,126.753,0.999449,3848.27
3628,9333,2016-07-21,2016,1563.62,48,231.243,0.999449,3848.27
3628,9419,2016-10-15,2016,227.779,9,640.524,0.999449,3848.27
3629,8946,2015-06-30,2015,155.658,8,603.011,0.999558,3660.22
3644,9313,2016-07-01,2016,327.698,27,180.721,0.93929,2419.66
3647,8629,2014-08-17,2014,565.131,38,346.103,0.977354,2009.01
3648,6374,2008-06-14,2008,173.424,9,220.141,0.885355,2134.85
3648,7500,2011-07-15,2011,95.4139,3,296.723,0.885355,2134.85
3648,7504,2011-07-19,2011,175.241,7,296.723,0.885355,2134.85
3648,7521,2011-08-05,2011,70.2415,2,377.116,0.885355,2134.85
3648,8925,2015-06-09,2015,342.822,19,219.778,0.885355,2134.85
3720,6805,2009-08-19,2009,472.961,32,342.3,0.999203,2412.01
3720,7171,2010-08-20,2010,1047.68,56,582.739,0.999203,2412.01
3720,7478,2011-06-23,2011,252.784,26,200.887,0.999203,2412.01
3720,7539,2011-08-23,2011,1341.38,87,200.887,0.999203,2412.01
3720,7929,2012-09-16,2012,248.464,8,238.341,0.999203,2412.01
3720,9416,2016-10-12,2016,325.733,27,279,0.999203,2412.01
3720,9419,2016-10-15,2016,384.139,30,279,0.999203,2412.01
3721,6040,2007-07-16,2007,901.895,58,231.564,0.999732,3119.47
3721,6093,2007-09-07,2007,615.129,17,802.331,0.999732,3119.47
3721,6096,2007-09-10,2007,711.39,20,802.331,0.999732,3119.47
3721,6097,2007-09-11,2007,771.625,21,802.331,0.999732,3119.47
3721,6449,2008-08-28,2008,265.651,6,578.884,0.999732,3119.47
3721,6806,2009-08-20,2009,1595.11,81,252.462,0.999732,3119.47
3721,6834,2009-09-17,2009,240.021,16,667.201,0.999732,3119.47
3721,7046,2010-04-17,2010,142.37,13,167.333,0.999732,3119.47
3721,7177,2010-08-26,2010,1384.12,62,609.689,0.999732,3119.47
3721,7178,2010-08-27,2010,1454.68,63,609.689,0.999732,3119.47
3721,7835,2012-06-14,2012,381.43,33,165.477,0.999732,3119.47
3721,9419,2016-10-15,2016,383.793,30,277.234,0.999732,3119.47
3722,6802,2009-08-16,2009,1864.65,77,236.73,0.997507,3603.55
3722,6812,2009-08-26,2009,2199.32,87,236.73,0.997507,3603.55
3722,7090,2010-05-31,2010,216.323,23,197.359,0.997507,3603.55
3722,7186,2010-09-04,2010,3450.4,119,197.359,0.997507,3603.55
3722,7828,2012-06-07,2012,19.3849,3,205.422,0.997507,3603.55
3722,8194,2013-06-08,2013,558.048,43,123.937,0.997507,3603.55
3722,8285,2013-09-07,2013,1761.03,76,478.552,0.997507,3603.55
3727,7501,2011-07-16,2011,286.265,20,279.179,0.980128,2451.46
3727,8961,2015-07-15,2015,122.679,5,426.853,0.980128,2451.46
3730,9328,2016-07-16,2016,991.382,41,245.167,0.998267,3170.39
3731,6375,2008-06-15,2008,640.013,29,202.431,0.815587,2711.14
3738,7846,2012-06-25,2012,116.4,8,229.817,0.956191,2367.48
3805,5944,2007-04-11,2007,94.3976,10,106.477,0.997177,2607.37
3805,6756,2009-07-01,2009,516.323,47,200.952,0.997177,2607.37
3805,7141,2010-07-21,2010,1678.47,107,182.002,0.997177,2607.37
3806,8213,2013-06-27,2013,628.626,39,388.365,0.995532,2939.31
3807,9243,2016-04-22,2016,131.913,8,67.2889,0.996764,2199.39
3807,9340,2016-07-28,2016,380.11,31,265.275,0.996764,2199.39
3808,9348,2016-08-05,2016,571.611,62,149.874,0.979553,2393.66
3883,7824,2012-06-03,2012,81.4893,13,168.766,0.993186,2592.85
3883,7932,2012-09-19,2012,1439.43,121,168.766,0.993186,2592.85
3884,7541,2011-08-25,2011,1192.49,90,196.849,0.992674,2737.45
3884,7828,2012-06-07,2012,120.835,17,161.48,0.992674,2737.45
3890,6798,2009-08-12,2009,519.686,23,744.511,0.98833,2374.82
3894,9294,2016-06-12,2016,56.5841,7,407.429,0.990356,2916.11
3900,7932,2012-09-19,2012,0,0,23.0018,0.643821,2287.19
3967,8248,2013-08-01,2013,11.208,2,443.614,0.992776,2592.03
3968,7031,2010-04-02,2010,196.881,11,141.582,0.971777,2845.16
3976,8084,2013-02-18,2013,13.8107,2,6.3763,0.893515,2910.44
3980,8528,2014-05-08,2014,116.869,6,58.1482,0.888936,2031.31
3981,7385,2011-03-22,2011,0,0,0,0.973622,1874.92
3981,9252,2016-05-01,2016,876.386,27,182.799,0.973622,1874.92
4039,7215,2010-10-03,2010,0,0,388.24,0.854481,2989.66
4093,8280,2013-09-02,2013,139.378,9,189.001,0.994792,2785.76
4122,7543,2011-08-27,2011,50.3333,4,161.506,0.648459,546.099
4187,7856,2012-07-05,2012,0,0,0,0.996183,2451.13
4220,8604,2014-07-23,2014,593.837,10,176.751,0.868139,1736.19
4221,7140,2010-07-20,2010,451.904,22,107.306,0.960325,1588.62
4223,6408,2008-07-18,2008,658.961,49,47.0396,0.961312,1397.52
4262,7202,2010-09-20,2010,520.767,13,343.918,0.960967,1240.54
4262,8228,2013-07-12,2013,197.171,19,498.028,0.960967,1240.54
4262,8952,2015-07-06,2015,121.132,8,163.333,0.960967,1240.54
4262,8956,2015-07-10,2015,174.969,12,163.333,0.960967,1240.54
4263,7142,2010-07-22,2010,255.702,10,221.805,0.911049,1225.83
4263,8203,2013-06-17,2013,177.69,7,38.1044,0.911049,1225.83
4263,8205,2013-06-19,2013,349.62,9,38.1044,0.911049,1225.83
4265,6092,2007-09-06,2007,1935.4,90,131.168,0.977684,1790.56
4265,6794,2009-08-08,2009,109.543,3,292.848,0.977684,1790.56
4265,6803,2009-08-17,2009,351.816,12,292.848,0.977684,1790.56
4265,8220,2013-07-04,2013,69.2317,13,344.656,0.977684,1790.56
4265,8252,2013-08-05,2013,85.9457,6,295.709,0.977684,1790.56
4265,8609,2014-07-28,2014,460.601,17,102.287,0.977684,1790.56
4265,8970,2015-07-24,2015,59.7414,8,410.939,0.977684,1790.56
4265,9348,2016-08-05,2016,892.637,58,131.435,0.977684,1790.56
4293,6818,2009-09-01,2009,3.73387,2,247.63,0.988992,1152.81
4298,7506,2011-07-21,2011,55.9166,1,353.348,0.920837,1447.65
4298,7927,2012-09-14,2012,11.2532,2,164.715,0.920837,1447.65
4300,9312,2016-06-30,2016,318.767,22,148.181,0.979608,2066.3
4321,7528,2011-08-12,2011,432.15,38,207.601,0.987941,1230.18
4321,8275,2013-08-28,2013,28.4898,3,273.304,0.987941,1230.18
4321,9329,2016-07-17,2016,120.858,5,262.532,0.987941,1230.18
4322,7201,2010-09-19,2010,419.291,18,360.169,0.972051,1130.36
4323,8937,2015-06-21,2015,26.8602,3,3.70307,0.948104,1021.44
4324,7484,2011-06-29,2011,73.0958,4,159.068,0.927252,1051.61
4325,7648,2011-12-10,2011,1.51906,1,0.14532,0.961995,1066.07
4328,7169,2010-08-18,2010,1066.26,52,88.0509,0.944054,2294.2
4329,8235,2013-07-19,2013,596.263,28,343.009,0.989186,2185.95
4329,8244,2013-07-28,2013,762.577,37,343.009,0.989186,2185.95
4329,8965,2015-07-19,2015,325.789,25,70.6644,0.989186,2185.95
4349,7201,2010-09-19,2010,2242.45,81,108.508,0.962362,1760.62
4349,7506,2011-07-21,2011,695.427,29,213.524,0.962362,1760.62
4349,8203,2013-06-17,2013,617.724,14,17.3957,0.962362,1760.62
4349,9273,2016-05-22,2016,2.39607,2,27.5339,0.962362,1760.62
4350,7856,2012-07-05,2012,41.6873,4,51.2779,0.936783,1342.64
4350,9329,2016-07-17,2016,161.407,8,259.571,0.936783,1342.64
4351,7185,2010-09-03,2010,11.0746,1,246.411,0.945109,1121.22
4351,7200,2010-09-18,2010,293.755,16,246.411,0.945109,1121.22
4351,9328,2016-07-16,2016,67.8562,6,156.093,0.945109,1121.22
4353,7126,2010-07-06,2010,198.313,21,73.2652,0.935124,1230.66
4353,7185,2010-09-03,2010,128.703,6,568.269,0.935124,1230.66
4353,7462,2011-06-07,2011,4.33356,2,104.415,0.935124,1230.66
4353,7484,2011-06-29,2011,83.6436,4,127.014,0.935124,1230.66
4353,7927,2012-09-14,2012,6.72574,3,343.935,0.935124,1230.66
4353,8210,2013-06-24,2013,34.2582,2,387.572,0.935124,1230.66
4353,8957,2015-07-11,2015,86.398,6,293.459,0.935124,1230.66
4353,8972,2015-07-26,2015,264.511,10,368.927,0.935124,1230.66
4354,8226,2013-07-10,2013,320.91,18,399.161,0.954332,1271.71
4354,8239,2013-07-23,2013,596.629,31,399.161,0.954332,1271.71
4354,8240,2013-07-24,2013,632.752,32,399.161,0.954332,1271.71
4354,8242,2013-07-26,2013,727.93,34,399.161,0.954332,1271.71
4354,8265,2013-08-18,2013,414.058,19,618.437,0.954332,1271.71
4354,9311,2016-06-29,2016,116.716,4,171.076,0.954332,1271.71
4376,6471,2008-09-19,2008,60.5194,2,60.2242,0.968121,1609.62
4376,7145,2010-07-25,2010,281.608,10,361.556,0.968121,1609.62
4378,8202,2013-06-16,2013,290.527,14,22.3669,0.990453,1734.48
4379,7201,2010-09-19,2010,1767.63,67,292.083,0.943401,1562.06
4379,8247,2013-07-31,2013,454.794,20,652.099,0.943401,1562.06
4379,8600,2014-07-19,2014,228.912,11,113.09,0.943401,1562.06
4379,8970,2015-07-24,2015,394.328,26,130.813,0.943401,1562.06
4379,9328,2016-07-16,2016,499.123,28,98.3504,0.943401,1562.06
4380,7899,2012-08-17,2012,102.538,9,372.088,0.974503,1324.37
4380,8260,2013-08-13,2013,233.879,15,347.044,0.974503,1324.37
4380,8970,2015-07-24,2015,80.2045,8,254.318,0.974503,1324.37
4381,6993,2010-02-23,2010,11.3144,1,97.2844,0.977328,1241.17
4381,8204,2013-06-18,2013,406.139,12,39.2401,0.977328,1241.17
4381,8957,2015-07-11,2015,89.2356,6,107.28,0.977328,1241.17
4382,8243,2013-07-27,2013,214.744,16,431.356,0.994551,1421.07
4383,7185,2010-09-03,2010,103.013,6,631.165,0.938491,1443.35
4383,8202,2013-06-16,2013,216.402,14,15.2521,0.938491,1443.35
4383,8210,2013-06-24,2013,34.3307,2,399.443,0.938491,1443.35
4384,7149,2010-07-29,2010,311.313,18,183.135,0.924865,1330.02
4384,7156,2010-08-05,2010,187.927,6,389.372,0.924865,1330.02
4384,7506,2011-07-21,2011,30.3971,1,341.908,0.924865,1330.02
4384,8234,2013-07-18,2013,409.726,16,538.745,0.924865,1330.02
4385,8883,2015-04-28,2015,0,0,112.2,0.992059,1176.96
4385,8885,2015-04-30,2015,11.074,2,113.025,0.992059,1176.96
4386,7173,2010-08-22,2010,898.857,60,91.6761,0.961143,1592.89
4403,6474,2008-09-22,2008,261.769,6,84.4682,0.889711,1253.78
4403,7164,2010-08-13,2010,26.8159,7,236.987,0.889711,1253.78
4403,7193,2010-09-11,2010,295.906,11,208.23,0.889711,1253.78
4403,7201,2010-09-19,2010,0,0,528.814,0.889711,1253.78
4403,8616,2014-08-04,2014,45.1925,8,191.359,0.889711,1253.78
4404,7201,2010-09-19,2010,10.0748,4,424.617,0.991945,1324.52
4404,7906,2012-08-24,2012,358.617,32,257.421,0.991945,1324.52
4404,8202,2013-06-16,2013,159.059,10,53.1138,0.991945,1324.52
4405,9338,2016-07-26,2016,126.774,16,106.081,0.991864,1243.22
4406,9274,2016-05-23,2016,0,0,16.9374,0.994126,1174.66
4408,7126,2010-07-06,2010,128.332,3,168.385,0.973096,1602.14
4408,7160,2010-08-09,2010,633.767,30,265.889,0.973096,1602.14
4408,8242,2013-07-26,2013,284.089,15,556.563,0.973096,1602.14
4409,7149,2010-07-29,2010,97.9031,5,246.069,0.97289,1359.19
4409,7164,2010-08-13,2010,340.279,20,246.069,0.97289,1359.19
4409,7171,2010-08-20,2010,496.462,27,246.069,0.97289,1359.19
4409,7194,2010-09-12,2010,853.262,50,246.069,0.97289,1359.19
4409,7202,2010-09-20,2010,1082.34,58,246.069,0.97289,1359.19
4409,7495,2011-07-10,2011,46.2048,5,165.564,0.97289,1359.19
4409,7896,2012-08-14,2012,398.288,25,210.907,0.97289,1359.19
4409,8198,2013-06-12,2013,65.4928,7,35.7596,0.97289,1359.19
4409,8234,2013-07-18,2013,65.0557,7,511.569,0.97289,1359.19
4409,8241,2013-07-25,2013,209.702,14,511.569,0.97289,1359.19
4409,8244,2013-07-28,2013,222.658,17,511.569,0.97289,1359.19
4409,8264,2013-08-17,2013,369.003,19,323.62,0.97289,1359.19
4409,8965,2015-07-19,2015,50.9363,3,202.043,0.97289,1359.19
4409,8992,2015-08-15,2015,207.785,15,306.701,0.97289,1359.19
4409,9330,2016-07-18,2016,161.898,9,153.23,0.97289,1359.19
4411,7171,2010-08-20,2010,818.343,61,90.333,0.923012,1327.41
4411,7484,2011-06-29,2011,80.2657,6,100.91,0.923012,1327.41
4411,7494,2011-07-09,2011,23.277,4,172.603,0.923012,1327.41
4411,8202,2013-06-16,2013,160.723,12,15.3329,0.923012,1327.41
4411,8203,2013-06-17,2013,242.288,13,15.3329,0.923012,1327.41
4411,8601,2014-07-20,2014,259.53,21,56.4247,0.923012,1327.41
4411,8654,2014-09-11,2014,118.391,15,351.81,0.923012,1327.41
4411,8941,2015-06-25,2015,41.234,3,50.9543,0.923012,1327.41
4411,8974,2015-07-28,2015,152.143,12,313.653,0.923012,1327.41
4413,7167,2010-08-16,2010,481.885,36,159.223,0.930094,1229.34
4413,7201,2010-09-19,2010,210.457,8,440.706,0.930094,1229.34
4413,7493,2011-07-08,2011,19.4278,3,214.027,0.930094,1229.34
4413,7494,2011-07-09,2011,20.8786,4,214.027,0.930094,1229.34
4413,7524,2011-08-08,2011,28.6784,5,246.21,0.930094,1229.34
4413,7899,2012-08-17,2012,0,0,390.395,0.930094,1229.34
4413,8992,2015-08-15,2015,156.412,15,228.646,0.930094,1229.34
4413,9347,2016-08-04,2016,606.351,52,62.5599,0.930094,1229.34
4427,7215,2010-10-03,2010,0,0,226.033,0.965413,1246.67
4428,7145,2010-07-25,2010,114.43,10,266.66,0.993634,1186.47
4428,7165,2010-08-14,2010,79.6151,3,291.519,0.993634,1186.47
4428,7201,2010-09-19,2010,0,0,290.93,0.993634,1186.47
4428,7204,2010-09-22,2010,81.7825,3,275.989,0.993634,1186.47
4428,7906,2012-08-24,2012,318.509,28,280.112,0.993634,1186.47
4428,7931,2012-09-18,2012,73.106,7,260.335,0.993634,1186.47
4428,8999,2015-08-22,2015,35.224,3,190.64,0.993634,1186.47
4428,9314,2016-07-02,2016,49.4188,7,148.2,0.993634,1186.47
4429,6438,2008-08-17,2008,159.158,13,108.972,0.999143,1076.48
4429,6471,2008-09-19,2008,70.9486,2,76.9593,0.999143,1076.48
4429,6829,2009-09-12,2009,277.772,5,127.919,0.999143,1076.48
4429,7127,2010-07-07,2010,146.578,3,127.884,0.999143,1076.48
4429,7145,2010-07-25,2010,107.478,10,198.976,0.999143,1076.48
4429,7151,2010-07-31,2010,195.602,16,198.976,0.999143,1076.48
4429,7216,2010-10-04,2010,0,0,140.173,0.999143,1076.48
4429,7497,2011-07-12,2011,199.628,9,288.402,0.999143,1076.48
4429,7856,2012-07-05,2012,2.59345,1,80.9905,0.999143,1076.48
4429,8218,2013-07-02,2013,0,0,165.425,0.999143,1076.48
4429,8959,2015-07-13,2015,107.995,14,63.8034,0.999143,1076.48
4429,8972,2015-07-26,2015,219.548,27,63.8034,0.999143,1076.48
4430,7201,2010-09-19,2010,152.393,19,236.454,0.920383,1023.58
4430,7523,2011-08-07,2011,45.0139,4,400.265,0.920383,1023.58
4432,8240,2013-07-24,2013,97.7414,5,216.594,0.920506,994.747
4433,7186,2010-09-04,2010,1032.13,56,268.176,0.983475,1242.22
4433,7455,2011-05-31,2011,5.64972,2,21.0209,0.983475,1242.22
4433,8992,2015-08-15,2015,210.192,15,417.781,0.983475,1242.22
4434,7171,2010-08-20,2010,513.825,27,270.499,0.937744,1288.4
4434,7494,2011-07-09,2011,33.4085,4,117.385,0.937744,1288.4
4434,9343,2016-07-31,2016,371.544,22,192.239,0.937744,1288.4
4435,7201,2010-09-19,2010,1001.86,57,260.462,0.986802,1305.11
4435,8264,2013-08-17,2013,632.5,37,420.429,0.986802,1305.11
4435,8992,2015-08-15,2015,207.166,15,329.987,0.986802,1305.11
4438,7201,2010-09-19,2010,444.974,22,470.879,0.918103,1266.01
4450,8988,2015-08-11,2015,279.257,5,637.52,0.996107,1182.6
4451,6429,2008-08-08,2008,108.183,15,261.927,0.983103,1114.57
4452,6363,2008-06-03,2008,1.41177,1,65.6137,0.922191,1064.38
4452,8972,2015-07-26,2015,100.277,11,142.488,0.922191,1064.38
4454,7202,2010-09-20,2010,195.229,20,234.893,0.986201,952.622
4455,7523,2011-08-07,2011,8.45086,2,132.791,0.98568,827.655
4471,8197,2013-06-11,2013,47.4032,5,40.999,0.960483,1381.62
4472,6826,2009-09-09,2009,16.6468,1,131.498,0.956729,1072.77
4473,8223,2013-07-07,2013,50.5763,2,213.745,0.982023,1092.46
4473,8268,2013-08-21,2013,77.562,9,250.329,0.982023,1092.46
4474,7201,2010-09-19,2010,135.486,20,209.219,0.964162,935.636
4475,7172,2010-08-21,2010,59.4112,12,140.698,0.970035,830.211
4475,8230,2013-07-14,2013,0,0,252.569,0.970035,830.211
4475,9372,2016-08-29,2016,384.663,37,192.258,0.970035,830.211
4476,7201,2010-09-19,2010,164.07,13,61.16,0.997057,759.113
4476,7472,2011-06-17,2011,12.0473,6,47.5425,0.997057,759.113
4476,8201,2013-06-15,2013,15.3007,5,18.4451,0.997057,759.113
4476,9299,2016-06-17,2016,3.16089,2,15.2058,0.997057,759.113
4477,7201,2010-09-19,2010,159.746,13,60.179,0.993132,703.232
4477,7202,2010-09-20,2010,185.73,14,60.179,0.993132,703.232
4477,7226,2010-10-14,2010,0,0,178.465,0.993132,703.232
4477,8202,2013-06-16,2013,77.4609,6,17.9488,0.993132,703.232
4489,8230,2013-07-14,2013,355.892,22,244.693,0.924229,1554.13
4489,8986,2015-08-09,2015,756.103,36,138.745,0.924229,1554.13
4490,8985,2015-08-08,2015,492.447,24,189.257,0.992151,1405.29
4491,7495,2011-07-10,2011,153.919,7,281.678,0.952389,1030.73
4491,7523,2011-08-07,2011,48.4865,4,471.056,0.952389,1030.73
4491,7529,2011-08-13,2011,119.054,10,471.056,0.952389,1030.73
4491,7906,2012-08-24,2012,316.866,28,264.064,0.952389,1030.73
4491,8223,2013-07-07,2013,78.7072,5,196.282,0.952389,1030.73
4491,8972,2015-07-26,2015,71.3222,7,183.526,0.952389,1030.73
4491,9343,2016-07-31,2016,14.0701,5,112.567,0.952389,1030.73
4492,7522,2011-08-06,2011,53.9029,6,237.532,0.982885,1074.67
4497,7127,2010-07-07,2010,76.5496,4,62.0256,0.971356,636.503
4506,6067,2007-08-12,2007,825.137,50,150.265,0.93211,1879.04
4506,7906,2012-08-24,2012,10.8,4,72.8,0.93211,1879.04
4508,8222,2013-07-06,2013,355.227,14,360.294,0.92842,1833.24
4508,8223,2013-07-07,2013,405.612,15,360.294,0.92842,1833.24
4509,7162,2010-08-11,2010,297.844,26,190.015,0.979955,1102.64
4509,7202,2010-09-20,2010,14.2738,1,192.217,0.979955,1102.64
4509,8223,2013-07-07,2013,25.5688,2,206.548,0.979955,1102.64
4509,8972,2015-07-26,2015,110.493,11,176.409,0.979955,1102.64
4510,7188,2010-09-06,2010,74.5107,7,246.216,0.961027,1142.81
4510,7368,2011-03-05,2011,2.37712,2,37.3761,0.961027,1142.81
4510,8995,2015-08-18,2015,0,0,228.128,0.961027,1142.81
4515,6827,2009-09-10,2009,2.84255,2,50.533,0.953797,629.444
4520,7715,2012-02-15,2012,79.315,4,156.077,0.342433,1140.08
4523,7145,2010-07-25,2010,336.301,9,335.544,0.957146,2604.38
4523,8198,2013-06-12,2013,164.687,6,120.584,0.957146,2604.38
4523,8254,2013-08-07,2013,674.789,7,970.45,0.957146,2604.38
4523,8964,2015-07-18,2015,481.54,16,131.467,0.957146,2604.38
4523,8977,2015-07-31,2015,694.222,12,589.354,0.957146,2604.38
4523,8988,2015-08-11,2015,1148.28,23,589.354,0.957146,2604.38
4523,8989,2015-08-12,2015,1380.12,24,589.354,0.957146,2604.38
4526,8319,2013-10-11,2013,0,0,36.5675,0.972574,1301.36
4527,6378,2008-06-18,2008,78.9219,16,32.3091,0.987106,1196.23
4527,6820,2009-09-03,2009,83.2948,5,89.7184,0.987106,1196.23
4527,7127,2010-07-07,2010,107.853,3,180.061,0.987106,1196.23
4527,7131,2010-07-11,2010,135.194,7,180.061,0.987106,1196.23
4527,7157,2010-08-06,2010,273.056,22,193.107,0.987106,1196.23
4527,7195,2010-09-13,2010,96.6912,12,276.134,0.987106,1196.23
4527,7360,2011-02-25,2011,17.5746,6,1.31403,0.987106,1196.23
4527,7469,2011-06-14,2011,9.76366,1,26.8369,0.987106,1196.23
4527,7484,2011-06-29,2011,0,0,47.0892,0.987106,1196.23
4527,7500,2011-07-15,2011,55.9548,8,28.9495,0.987106,1196.23
4527,7510,2011-07-25,2011,0,0,71.6403,0.987106,1196.23
4527,7900,2012-08-18,2012,0,0,261.2,0.987106,1196.23
4527,8262,2013-08-15,2013,118.659,10,210.211,0.987106,1196.23
4527,8858,2015-04-03,2015,108.148,6,159.761,0.987106,1196.23
4530,7900,2012-08-18,2012,0,0,261.2,0.990545,781.675
4530,8959,2015-07-13,2015,49.5507,8,68.3843,0.990545,781.675
4534,8249,2013-08-02,2013,594.613,30,130.969,0.695184,1325.69
4535,7543,2011-08-27,2011,0,0,263.693,0.819003,1212.71
4536,9350,2016-08-07,2016,217.386,2,457.851,0.886596,1281.21
4538,7716,2012-02-16,2012,97.9586,5,171.292,0.908661,1567.64
4538,8198,2013-06-12,2013,47.8299,3,57.8059,0.908661,1567.64
4538,8834,2015-03-10,2015,95.8472,9,157.322,0.908661,1567.64
4538,8972,2015-07-26,2015,331.867,27,90.9869,0.908661,1567.64
4543,7484,2011-06-29,2011,19.7827,7,49.8013,0.979729,1103.48
4544,6827,2009-09-10,2009,27.9738,3,133.077,0.985269,1043.67
4553,7527,2011-08-11,2011,187.538,5,236.933,0.914193,1418.48
4553,9350,2016-08-07,2016,90.5558,2,438.905,0.914193,1418.48
4554,8649,2014-09-06,2014,376.867,5,146.287,0.96169,1301.04
4557,7177,2010-08-26,2010,97.2497,11,463.944,0.978393,1326.05
4560,7127,2010-07-07,2010,65.2539,4,97.1718,0.866618,966.6
4563,7155,2010-08-04,2010,145.429,19,142.977,0.989868,1021.59
4576,7902,2012-08-20,2012,76.2559,2,321.557,0.880314,1715.53
4576,8261,2013-08-14,2013,898.56,17,629.949,0.880314,1715.53
4576,9350,2016-08-07,2016,277.19,2,381.916,0.880314,1715.53
4577,6436,2008-08-15,2008,283.725,18,136.155,0.998868,1533.53
4577,6942,2010-01-03,2010,0,0,2.6,0.998868,1533.53
4577,6996,2010-02-26,2010,1.07042,1,210.311,0.998868,1533.53
4577,7234,2010-10-22,2010,20.6748,1,23.604,0.998868,1533.53
4577,7348,2011-02-13,2011,24.9289,2,159.627,0.998868,1533.53
4577,7523,2011-08-07,2011,10.8409,1,138.163,0.998868,1533.53
4577,8628,2014-08-16,2014,55.0702,2,183.082,0.998868,1533.53
4577,8647,2014-09-04,2014,148.855,3,150.84,0.998868,1533.53
4577,8711,2014-11-07,2014,0,0,36.4753,0.998868,1533.53
4577,9348,2016-08-05,2016,0,0,276.976,0.998868,1533.53
4577,9350,2016-08-07,2016,141.405,2,246.759,0.998868,1533.53
4578,8015,2012-12-11,2012,0,0,0,0.985756,1443.11
4578,8245,2013-07-29,2013,4.26038,1,81.6728,0.985756,1443.11
4578,8650,2014-09-07,2014,533.652,6,80.7158,0.985756,1443.11
4578,8957,2015-07-11,2015,54.3233,6,186.2,0.985756,1443.11
4578,8985,2015-08-08,2015,123.27,23,318.369,0.985756,1443.11
4578,9303,2016-06-21,2016,1.01714,1,82.0036,0.985756,1443.11
4580,9350,2016-08-07,2016,34.9142,2,187.776,0.928404,1252.22
4600,8649,2014-09-06,2014,523.312,5,203.317,0.984925,1391.48
4603,6026,2007-07-02,2007,47.7714,6,20.9484,0.986675,1404.77
4603,6061,2007-08-06,2007,10.6867,1,60.7644,0.986675,1404.77
4603,6217,2008-01-09,2008,82.2612,4,69.7977,0.986675,1404.77
4603,6242,2008-02-03,2008,10.3363,1,282.937,0.986675,1404.77
4603,6252,2008-02-13,2008,0,0,297.614,0.986675,1404.77
4603,6563,2008-12-20,2008,29.7396,1,58.0712,0.986675,1404.77
4603,7205,2010-09-23,2010,48.942,3,149.846,0.986675,1404.77
4603,7207,2010-09-25,2010,50.557,5,149.846,0.986675,1404.77
4603,7342,2011-02-07,2011,59.7638,3,66.8622,0.986675,1404.77
4603,7348,2011-02-13,2011,29.1436,2,190.486,0.986675,1404.77
4603,7351,2011-02-16,2011,152.423,5,190.486,0.986675,1404.77
4603,7359,2011-02-24,2011,30.6306,1,305.364,0.986675,1404.77
4603,7382,2011-03-19,2011,12.716,1,231.801,0.986675,1404.77
4603,7411,2011-04-17,2011,27.7419,1,180.305,0.986675,1404.77
4603,7464,2011-06-09,2011,29.7481,1,57.0767,0.986675,1404.77
4603,7681,2012-01-12,2012,0,0,108.818,0.986675,1404.77
4603,7704,2012-02-04,2012,10.3278,1,232.328,0.986675,1404.77
4603,7722,2012-02-22,2012,28.2745,3,157.591,0.986675,1404.77
4603,7784,2012-04-24,2012,37.3945,5,91.5471,0.986675,1404.77
4603,7904,2012-08-22,2012,21.0107,4,160.98,0.986675,1404.77
4603,8261,2013-08-14,2013,63.9913,9,116.764,0.986675,1404.77
4603,8534,2014-05-14,2014,36.9032,4,105.532,0.986675,1404.77
4603,8603,2014-07-22,2014,0,0,65.3711,0.986675,1404.77
4603,8826,2015-03-02,2015,144.067,6,180.939,0.986675,1404.77
4603,8958,2015-07-12,2015,124.17,7,187.674,0.986675,1404.77
4603,9063,2015-10-25,2015,13.902,1,66.1337,0.986675,1404.77
4603,9350,2016-08-07,2016,44.3375,1,104.115,0.986675,1404.77
4604,6214,2008-01-06,2008,8.09217,1,81.6165,0.863609,1256.57
4604,7463,2011-06-08,2011,0,0,61.4323,0.863609,1256.57
4604,8858,2015-04-03,2015,184.796,6,343.046,0.863609,1256.57
4605,6976,2010-02-06,2010,12.8139,1,27.4224,0.883348,1202.33
4605,7160,2010-08-09,2010,106.251,9,154.179,0.883348,1202.33
4605,7224,2010-10-12,2010,0,0,69.636,0.883348,1202.33
4605,7366,2011-03-03,2011,92.7841,8,235.507,0.883348,1202.33
4605,8224,2013-07-08,2013,4.45107,1,115.637,0.883348,1202.33
4605,8973,2015-07-27,2015,85.7774,11,236.808,0.883348,1202.33
4605,9350,2016-08-07,2016,24.8871,2,128.35,0.883348,1202.33
4623,7348,2011-02-13,2011,21.4865,2,183.284,0.955214,1202.67
4623,8649,2014-09-06,2014,399.387,6,123.061,0.955214,1202.67
4623,8986,2015-08-09,2015,127.034,17,188.421,0.955214,1202.67
4626,7413,2011-04-19,2011,63.5451,3,232.891,0.934626,1316.41
4627,6215,2008-01-07,2008,24.1028,2,60.9543,0.848931,1162.8
4627,7142,2010-07-22,2010,34.4206,4,42.058,0.848931,1162.8
4627,7682,2012-01-13,2012,0,0,144.281,0.848931,1162.8
4627,8261,2013-08-14,2013,42.0378,3,31.2865,0.848931,1162.8
4637,8967,2015-07-21,2015,12.214,1,8.53453,0.959169,423.165
4646,7911,2012-08-29,2012,5.87599,4,446.901,0.94869,1174.57
4646,8839,2015-03-15,2015,4.40845,1,278.497,0.94869,1174.57
4647,8647,2014-09-04,2014,117.121,4,68.7239,0.958619,1167.17
4648,8899,2015-05-14,2015,28.1766,3,141.024,0.985749,956.364
4649,8847,2015-03-23,2015,0,0,318.766,0.967855,847.987
4654,7504,2011-07-19,2011,35.2992,5,49.7936,0.946016,1160.08
4661,8967,2015-07-21,2015,11.5721,1,8.14457,0.965623,390.543
4669,6978,2010-02-08,2010,100.84,3,23.2342,0.883158,1184.31
4669,7084,2010-05-25,2010,16.3807,3,234.711,0.883158,1184.31
4669,7095,2010-06-05,2010,37.425,3,274.237,0.883158,1184.31
4669,7233,2010-10-21,2010,0,0,8.11258,0.883158,1184.31
4669,8266,2013-08-19,2013,99.4634,8,36.3471,0.883158,1184.31
4669,8470,2014-03-11,2014,76.1482,2,63.7871,0.883158,1184.31
4669,8532,2014-05-12,2014,21.3044,2,85.7549,0.883158,1184.31
4669,8847,2015-03-23,2015,0,0,267.09,0.883158,1184.31
4669,8858,2015-04-03,2015,165.514,6,211.164,0.883158,1184.31
4670,5921,2007-03-19,2007,3.39325,2,293.541,0.978871,1289.28
4671,8839,2015-03-15,2015,3.76232,1,277.579,0.937615,982.708
4671,8854,2015-03-30,2015,93.8583,2,221.536,0.937615,982.708
4671,8858,2015-04-03,2015,144.9,6,221.536,0.937615,982.708
4671,8860,2015-04-05,2015,150.022,8,221.536,0.937615,982.708
4672,8854,2015-03-30,2015,96.471,2,221.997,0.800593,751.926
4673,8839,2015-03-15,2015,1.35809,1,262.553,0.870577,967.043
4674,8956,2015-07-10,2015,18.2337,2,134.987,0.868343,1203.95
4683,7157,2010-08-06,2010,7.0917,3,2.38942,0.969521,394.712
4685,7858,2012-07-07,2012,3.05774,2,26.4602,0.989842,406.7
4692,6980,2010-02-10,2010,144.032,5,23.3219,0.824567,1087.48
4693,7400,2011-04-06,2011,112.034,10,145.542,0.903634,1079.75
4693,7411,2011-04-17,2011,35.5648,2,207.466,0.903634,1079.75
4693,8829,2015-03-05,2015,149.747,9,145.059,0.903634,1079.75
4693,8862,2015-04-07,2015,0,0,299.24,0.903634,1079.75
4694,8839,2015-03-15,2015,4.20309,1,283.378,0.507928,928.72
4694,8857,2015-04-02,2015,137.396,5,211.922,0.507928,928.72
4695,8941,2015-06-25,2015,51.6689,2,62.713,0.884468,839.983
4697,8967,2015-07-21,2015,31.1942,5,140.05,0.89901,1089.76
4697,9290,2016-06-08,2016,5.82103,1,57.1081,0.89901,1089.76
4698,7488,2011-07-03,2011,29.2822,6,36.8088,0.907057,1065.66
4698,8151,2013-04-26,2013,28.3209,6,125.914,0.907057,1065.66
4698,8915,2015-05-30,2015,2.36394,1,91.8312,0.907057,1065.66
4698,8970,2015-07-24,2015,38.3119,8,160.119,0.907057,1065.66
4705,7157,2010-08-06,2010,6.7382,3,2.52106,0.970066,391.907
4706,7157,2010-08-06,2010,7.41152,3,2.27022,0.969288,393.458
4706,7829,2012-06-08,2012,6.13225,5,74.515,0.969288,393.458
4707,7157,2010-08-06,2010,6.85926,3,2.47596,0.975682,392.944
4719,9225,2016-04-04,2016,48.8726,3,307.315,0.827362,1010.25
4722,7903,2012-08-21,2012,0,0,72.0932,0.924644,932.385
4727,8248,2013-08-01,2013,0,0,7.13001,0.969866,718.617
4745,8863,2015-04-08,2015,6.31769,1,287.705,0.952308,1037.05
4748,7748,2012-03-19,2012,0,0,144.398,0.87848,912.002
4782,6193,2007-12-16,2007,0,0,0,0.93803,444.846
