event,cells,ls_cells,method,wettest_days,mean_alert_days_ls,mean_alert_days_nols,peak_alerted_ls,peak_alerted_nols,AUC_alert_days
Kerala,61,37,Frequentist E-D (T5),"2018-08-15, 2018-08-16, 2018-08-17",79.54054054054055,83.125,1.0,1.0,0.5028153153153153
Kerala,61,37,SACT (proposed),"2018-08-15, 2018-08-16, 2018-08-17",78.35135135135135,83.41666666666667,1.0,1.0,0.4436936936936937
Kerala,61,37,PI-GBM (proposed),"2018-08-15, 2018-08-16, 2018-08-17",57.432432432432435,56.125,0.972972972972973,1.0,0.6007882882882883
Kerala,61,37,"Frequentist E-D, 5 % budget","2018-08-15, 2018-08-16, 2018-08-17",46.91891891891892,33.125,0.7837837837837838,0.5833333333333334,0.624436936936937
Kerala,61,37,"SACT, 5 % budget","2018-08-15, 2018-08-16, 2018-08-17",54.91891891891892,69.54166666666667,0.8648648648648649,1.0,0.2956081081081081
Kerala,61,37,"PI-GBM, 5 % budget","2018-08-15, 2018-08-16, 2018-08-17",19.243243243243242,16.583333333333332,0.918918918918919,1.0,0.579954954954955
Himachal Pradesh,86,5,Frequentist E-D (T5),"2023-07-09, 2023-07-10, 2023-08-14",58.2,44.23456790123457,1.0,1.0,0.7617283950617284
Himachal Pradesh,86,5,SACT (proposed),"2023-07-09, 2023-07-10, 2023-08-14",55.6,37.91358024691358,1.0,0.9506172839506173,0.7493827160493828
Himachal Pradesh,86,5,PI-GBM (proposed),"2023-07-09, 2023-07-10, 2023-08-14",70.4,58.50617283950617,1.0,1.0,0.8222222222222223
Himachal Pradesh,86,5,"Frequentist E-D, 5 % budget","2023-07-09, 2023-07-10, 2023-08-14",20.8,7.604938271604938,1.0,0.5925925925925926,0.865432098765432
Himachal Pradesh,86,5,"SACT, 5 % budget","2023-07-09, 2023-07-10, 2023-08-14",3.2,6.296296296296297,0.0,0.2222222222222222,0.45925925925925926
Himachal Pradesh,86,5,"PI-GBM, 5 % budget","2023-07-09, 2023-07-10, 2023-08-14",28.0,12.234567901234568,1.0,0.9012345679012346,0.9333333333333332
