factor,value,TSS,POD,alert_rate,AUC,POD5,TSS5
no-rain gap G (days),1,0.5526515844886449,0.76657824933687,0.21435363359523255,0.8209097580143329,0.28116710875331563,0.2349670706070596
no-rain gap G (days),2,0.5802235070751263,0.8620689655172413,0.2822937287642374,0.8318930531344075,0.16445623342175067,0.1182274830397754
no-rain gap G (days),3,0.5560874457631552,0.8938992042440318,0.33824138171296014,0.8205739641200087,0.14854111405835543,0.09944934360037477
no-rain gap G (days),4,0.559931120880585,0.9098143236074271,0.3503157955136954,0.8132115930912182,0.14588859416445624,0.0953837715342924
no-rain gap G (days),5,0.5358966567103898,0.8647214854111406,0.3292388528897031,0.8009557687464747,0.1220159151193634,0.07284621145014475
susceptibility percentile in IMD cell,50th,0.5953448348485856,0.8408488063660478,0.2459639243074426,0.8545169076852497,0.3183023872679045,0.27324263505449875
susceptibility percentile in IMD cell,75th,0.5847398688579786,0.8779840848806366,0.2936959756052577,0.8495316845586743,0.29973474801061006,0.25343011529137677
susceptibility percentile in IMD cell,90th,0.5802235070751263,0.8620689655172413,0.2822937287642374,0.8318930531344075,0.16445623342175067,0.1182274830397754
susceptibility percentile in IMD cell,max,0.5800938994555713,0.8753315649867374,0.29568583572075563,0.8365348990289188,0.20424403183023873,0.15851774557335035
antecedent window (days),15,0.5968907912706469,0.8541114058355438,0.2576817617332071,0.83569940996138,0.20689655172413793,0.16155788064945945
antecedent window (days),30,0.5802235070751263,0.8620689655172413,0.2822937287642374,0.8318930531344075,0.16445623342175067,0.1182274830397754
antecedent window (days),60,0.5919265338425297,0.8647214854111406,0.27325226344026526,0.8322470328953494,0.20689655172413793,0.15988231660784313
