p_cut,TSS_cal,TSS_test,alert_cal
0.00015677958921091648,0.49287164449173626,0.5102279560572669,0.42160704863248616
0.00017563311652563988,0.49426494608557864,0.5110762780471365,0.41806871647172633
0.00019179010115278927,0.49780692040626484,0.5118364124558683,0.4145290102013895
0.00020622730993767472,0.4992015969901385,0.5126273099742995,0.41098930393105265
0.00021962974802386577,0.5005962735740124,0.5160440660248904,0.40744959766071587
0.00023228516509685387,0.5041368729046671,0.5194833816892608,0.40391126549995604
0.00024468691657711654,0.5033842517517285,0.5229309008495509,0.4003715592296192
0.0002567770417132938,0.5047789283356021,0.5263702165139212,0.39683185295928236
0.00026904641549553945,0.5061736049194758,0.5245947308456108,0.3932921466889456
0.00028110108957772205,0.5075669065133184,0.5255107316768186,0.38975381452818575
0.00029313493061657405,0.5111088808340045,0.5290751506539658,0.3862141082578489
0.0003049160571786072,0.5146508551546907,0.5327216045903107,0.38267440198751207
0.00031705533965814363,0.5117495612749082,0.5337668104822552,0.37913606982675224
0.0003289799111514903,0.5131442378587819,0.5373537890731817,0.37559636355641546
0.00034092590181225915,0.5123916167058433,0.5409264115462487,0.3720566572860786
0.00035316345486005395,0.5094916978160922,0.5418895824789952,0.3685169510157418
0.00036494686357015495,0.508737701673122,0.545427340094403,0.36497861885498195
0.0003766488468164233,0.5122796759938082,0.5464130706409289,0.36143891258464517
0.00038887991386306575,0.5158216503144945,0.5500533719553341,0.3578992063143083
0.00040105997755578073,0.5172163268983682,0.5537203346314785,0.3543595000439715
0.0004136009174694792,0.520756926229023,0.5548496263566008,0.35082116788321166
0.00042581240988162026,0.5200043050760843,0.5583545699883294,0.3472814616128749
0.0004383518361108011,0.5192516839231456,0.5621322798593911,0.34374175534253804
0.0004509791399469835,0.5227922832538006,0.5658894809906532,0.3402034231817782
0.0004629971439653413,0.5241869598376742,0.5694826122035195,0.33666371691144137
0.0004755776042495289,0.525581636421548,0.5677871106204269,0.3331240106411046
0.0004887229233779952,0.5291236107422341,0.5688179603945118,0.32958430437076774
0.0005014507112892784,0.5305169123360765,0.5698200979328774,0.3260459722100079
0.0005147232474083748,0.5340588866567627,0.5683399381176792,0.3225062659396711
0.0005281195761705799,0.5354535632406365,0.5694220597412627,0.3189665596693343
0.0005413207093177352,0.5347009420876978,0.5651006996260104,0.31542685339899745
0.0005550900244979529,0.5339469459447277,0.5661500072659147,0.3118885212382376
0.0005682994894405437,0.533194324791789,0.5643765724715842,0.3083488149679008
0.0005816457202817108,0.5345890013756627,0.5677707689083957,0.304809108697564
0.000595558950512195,0.5359836779595366,0.5687975169345207,0.30126940242722716
0.0006099670544804646,0.5330823840797541,0.572546514569863,0.29773107026646733
0.0006240697271429368,0.5366243584004402,0.5760576108235316,0.2941913639961305
0.0006387975022248657,0.5358717372475016,0.5771889534226337,0.2906516577257937
0.000653261855564207,0.5372650388413439,0.5783408047615353,0.2871133255650339
0.0006676354347205344,0.5365124176884053,0.5820508357912586,0.28357361929469704
0.0006828657312122562,0.5357597965354666,0.5832437046097593,0.2800339130243602
0.0006975640848523822,0.5350071753825278,0.5789859215878852,0.2764942067540234
0.0007123113530800039,0.529958583765933,0.580053687093609,0.2729558745932636
0.0007274953608341041,0.5335005580866191,0.5811501648350521,0.26941616832292675
0.0007431659126672631,0.5327479369336805,0.5823102196698736,0.2658764620525899
0.0007582542554344469,0.5341426135175542,0.5831277785500439,0.2623367557822531
0.0007741949141958243,0.5312413196377717,0.5841750353159683,0.25879842362149325
0.0007911179522072271,0.5347832939584578,0.5800731187165703,0.25525871735115646
0.0008082571823622003,0.5297360773318943,0.5786278237590313,0.2517190110808196
0.0008252543766896528,0.5246874857152993,0.5770594763626954,0.2481806789200598
0.0008427314191200949,0.5217875668255483,0.5809417808067343,0.24464097264972298
0.0008597394881181817,0.5145930524621722,0.5792278213578222,0.24110126637938617
0.000877588273406136,0.5138404313092335,0.5750459206732064,0.23756156010904933
0.0008961146535620341,0.510939137429451,0.573686762422825,0.2340232279482895
0.0009151812718497825,0.5123338140133248,0.5749350048387842,0.2304835216779527
0.0009341264359990608,0.515875788334011,0.5737706796164979,0.22694381540761588
0.0009536698509962142,0.5108285717074473,0.5749676501829584,0.22340410913727904
0.0009724351825183876,0.5057799800908525,0.5681434839743429,0.2198657769765192
0.000992317641382956,0.5050273589379138,0.5693076405571242,0.2163260707061824
0.0010124144169659406,0.5021274400481627,0.5597202072596924,0.21278636443584556
0.0010323869133618286,0.501374818895224,0.552662241417363,0.20924665816550875
0.0010532927376974849,0.500620822752254,0.5458360243347676,0.20570832600474892
0.0010751624576053646,0.49772090386250284,0.5471437420961451,0.2021686197344121
0.001097012659504326,0.4905263894991268,0.5378680416436653,0.19862891346407527
0.0011192610235139654,0.4876250956193443,0.5365252903851235,0.19509058130331544
0.0011417357844142788,0.48472517672959314,0.5376176663786069,0.19155087503297863
0.0011639875994204256,0.47967796010302965,0.520048062911718,0.18801116876264182
0.0011870462922911236,0.474630743476466,0.5105324102035843,0.18447146249230498
0.0012091496068724146,0.473876747333496,0.4980566065045595,0.18093313033154515
0.0012313080394504947,0.4645349352333075,0.49886596188881005,0.17739342406120834
0.0012542422182042824,0.45734042086993154,0.4944810246801794,0.17385371779087153
0.0012778492509196923,0.44585131103293063,0.48749689030112814,0.17031401152053469
0.0013015180882625544,0.4365081239427108,0.488369822778757,0.16677567935977486
0.0013262133116928798,0.4228717163688975,0.48126878858284877,0.16323597308943805
0.0013517742526180355,0.4242663929527713,0.46900422490375837,0.15969626681910123
0.0013770395580636134,0.4127759081257391,0.4540112589935108,0.1561579346583414
0.001402192382764122,0.39913950055192576,0.4389670212337645,0.15261822838800457
0.0014286694208198935,0.398386879398987,0.41601854651579934,0.14907852211766776
0.0014552885743490593,0.39119236503561094,0.4118079335954641,0.14553881584733092
0.0014828957459924288,0.38184917794539125,0.4023025352572301,0.1420004836865711
0.0015117535210947273,0.3725073658452028,0.3981144819506742,0.13846077741623428
0.001540320333021668,0.36316555374501436,0.3962487578272462,0.13492107114589746
0.0015705105750588077,0.34523455069757614,0.38907184129407996,0.13138136487556062
0.0016016307020854028,0.3466278522914185,0.37924240486701444,0.1278430327148008
0.0016340300569270669,0.33084414698079273,0.3641817601154286,0.12430332644446399
0.0016666232559387597,0.33009152582785406,0.35471943013077356,0.12076362017412716
0.0017007128134763918,0.3207483387376343,0.34525504927213857,0.11722528801336733
0.0017334403516775152,0.31784841984788315,0.3379919960318145,0.11368558174303052
0.0017647623560731792,0.30850660774769467,0.3305053975276763,0.1101458754726937
0.001799235542425002,0.3013120933843187,0.3231315970924351,0.10660616920235687
0.0018349689723808193,0.2855270130836616,0.3052933291341734,0.10306783704159704
0.001871953927882847,0.28047979645709803,0.303478876860244,0.09952813077126023
0.0019102471492862527,0.27543257983053443,0.2832280412637368,0.0959884245009234
0.0019497811300654272,0.266090767730346,0.25989400223754155,0.09244871823058658
0.001989080312802436,0.25460028290331377,0.24450111590120444,0.08891038606982675
0.0020310682665024946,0.24740576853993773,0.23686685447051006,0.08537067979948994
0.002074746977365236,0.2380639564397493,0.2133707963998991,0.08183097352915311
0.0021201710947656386,0.22442754886593597,0.21106823611874242,0.07829126725881629
0.0021696300930550234,0.21293706403890372,0.20358163761460424,0.07475293509805646
0.0022198994388326716,0.20144795420190287,0.18517527756389723,0.07121322882771963
0.0022731306541921995,0.19210614210171437,0.16432148501728575,0.06767352255738282
0.0023254603270649005,0.1934994436955568,0.15904646850135823,0.06413519039662299
0.002384874966482542,0.18415763159536835,0.15415906716764058,0.06059548412628617
0.0024497904857020748,0.16622662854793016,0.15726819212123955,0.05705577785594935
0.0025190182898658215,0.14614832776367953,0.13369830258735052,0.05351607158561252
0.002591533283981734,0.14324703388389703,0.11825209352753474,0.049977739424852695
0.0026729294119774163,0.12746332857327125,0.11615462064437274,0.046438033154515876
0.0027651723271528493,0.10523773005220818,0.1139135865826145,0.04289832688417905
0.0028716440189161785,0.08945402474158243,0.1015505809524867,0.03935862061384223
0.002984287685977895,0.06937434896730046,0.09436341004942067,0.035820288453082404
0.003100412993170275,0.06217983460392445,0.08711471292695627,0.03228058218274558
0.0032617686435399153,0.05713261797736087,0.06718586454530065,0.02874087591240876
0.0034283371615916867,0.0370529422030789,0.06743533133302582,0.02520254375164893
0.0036328439306359183,0.029858427839702883,0.05722853409365017,0.02166283748131211
0.00390533306823245,0.020516615739514434,0.0553792169620617,0.018123131210975287
0.004296817662488405,0.00902750590251354,0.04818794431103579,0.014583424940638466
0.00492298050889919,0.006126212022731075,0.027984278816067333,0.011045092779878639
0.005809520303287857,0.003226293132979936,0.018027688202245158,0.007505386509541817
0.007413145531452835,0.004620969716853673,0.00732252858574249,0.003965680239204995
0.019027758196693303,-0.0004262469097099046,-0.00031173284495187626,0.0004259739688681734
