feature,mean_abs_shap
log_pop,1.5142153545933625
curv_abs,1.0591268237454379
lc_crop,0.8526563812175939
bdod,0.7812399819802087
soc,0.6824174131604256
lc_built,0.5699296936500265
slope_max,0.5526219588228989
slope_std,0.44444776701410676
dist_fault_km,0.38775033794264685
jjas_frac,0.37243685650605596
lc_tree,0.3701827563456457
slope_mean,0.3478505762464788
map_mm,0.3070191692825221
dist_m6_km,0.2879838921536113
relief01_mean,0.2235237018273606
relief,0.22132529127644185
silt,0.21101918553251323
cv_annual,0.2017439407927676
cfvo,0.20098754520783596
elev_mean,0.18907241176353332
steep25,0.18318559188863598
clay,0.17198077499831205
sand,0.14398069109334463
eq_density,0.13773378994310462
fs_trigrs_p,0.12595374299392148
lc_shrub,0.12264980150291
rl25_3d,0.10156462129086659
ahp_index,0.09107295339229579
max3d_mm,0.07987783836047745
lc_grass,0.07521845530693516
max1d_mm,0.07330809299229993
lith_metamorphic,0.07262464344087559
age_ma,0.06725999773389013
r50_days,0.066866021086313
lith_volcanic,0.06342241439308159
northness,0.0597160152693412
lith_intrusive,0.05781822323975439
lith_older_sed,0.051837842103789715
steep35,0.05041486328975901
lc_bare,0.04958753353228484
rl25_1d,0.04137762919498198
lith_volc_sed,0.02656317044925832
lc_snow,0.026501914711354983
lith_cenozoic_sed,0.01908951427034721
lith_other,0.003670105667713502
