state,cells,hi_cells,pop_exposed,hi_area_km2,recorded_ls_cells,hi_frac
Kerala,1254,815,11334310.0,24747.079449989076,363,0.6499202551834131
Himachal Pradesh,2099,1258,3736365.0,33025.68268262625,89,0.5993330157217722
Uttarakhand,1970,1248,3711023.0,33292.77541342252,50,0.6335025380710659
Jammu & Kashmir,2111,610,2496564.2,15700.533161905612,42,0.2889625769777357
Maharashtra,10572,269,2434870.2,7926.346729963277,26,0.02544457056375331
Tamil Nadu,4278,262,1555317.1,7954.826413886412,22,0.06124357176250585
Nagaland,582,499,1412363.1,13851.981944152158,19,0.8573883161512027
Karnataka,6441,336,1342756.9,10092.183657972135,12,0.05216581276199348
West Bengal,2959,86,1227332.8,2367.8180312580503,18,0.029063872930043935
Assam,2821,304,1153595.8,8472.994984985675,16,0.10776320453739809
Manipur,777,513,1067343.5,14388.720347505741,23,0.6602316602316602
Mizoram,726,607,1066528.4,17210.074146797033,6,0.8360881542699724
Arunachal Pradesh,2948,2403,1019234.1,65524.40233723331,15,0.8151289009497965
Meghalaya,803,214,763147.1,5966.785173220881,8,0.26650062266500624
Sikkim,247,209,686314.94,5728.042367912222,14,0.8461538461538461
Goa,121,73,547081.75,2174.684988407178,12,0.6033057851239669
Odisha,5348,180,449516.03,5230.388289167333,4,0.033657442034405384
Andhra Pradesh,5449,230,427980.56,6795.497219754685,7,0.042209579739401724
Ladakh,6539,1296,171548.77,32966.09953626826,10,0.1981954427282459
Tripura,349,54,159711.14,1525.9301729282242,2,0.15472779369627507
Haryana,1637,11,74305.336,292.39371510490264,2,0.006719609040928528
Uttar Pradesh,8737,7,45463.965,186.75916092856716,0,0.0008011903399336157
Rajasthan,12400,5,32136.473,140.6608096744615,3,0.0004032258064516129
Bihar,3358,5,28333.814,139.97244693235655,1,0.0014889815366289458
Jharkhand,2814,1,9955.821,28.234035849137054,0,0.00035536602700781805
Chhattisgarh,4700,6,5670.2637,175.5478457524628,0,0.001276595744680851
Gujarat,6387,1,2746.9001,28.695216348763413,0,0.0001565680288085173
Telangana,3819,2,1077.6366,58.94781057854339,1,0.0005236973029588898
Delhi,53,0,0.0,0.0,0,0.0
Dadra and Nagar Haveli and Daman and Diu,19,0,0.0,0.0,0,0.0
Puducherry,16,0,0.0,0.0,0,0.0
Punjab,1896,0,0.0,0.0,0,0.0
Chandigarh,4,0,0.0,0.0,0,0.0
Madhya Pradesh,10914,0,0.0,0.0,0,0.0
