,AUC_catalogue,AUC_mapped
AHP,0.8411547402164598,0.8050687072223349
TRIGRS-MC,0.8584716793093599,0.8645877727654724
FR,0.9042995651759926,0.9815399583774728
LR,0.917199606436665,0.984566843438978
RF,0.960514768146761,0.9951548931155395
XGBoost,0.9591435807915701,0.9936620847541126
LightGBM,0.9548436347478337,0.9927214456905443
CatBoost,0.956542558796458,0.9934227391229216
PIBE,0.9175355571777701,0.986840626935292
V0,0.960584809724823,0.9941643671239994
V3,0.9606897260926144,0.9951342213807558
V4,0.9175355571777701,0.986840626935292
