model,AUC,AP,prevalence,hit_top10,hit_top20,TSS,flat_top10,AUC_fold_sd,AUC_lo,AUC_hi,AP_lo,AP_hi
AHP,0.8217379899601106,0.018922996104344,0.0067525818695383,0.2274509803921568,0.7254901960784313,0.5925902885778469,0.0,0.0156515729067696,0.7942892889692781,0.8583377268157765,0.0129608200281061,0.0278787382435591
TRIGRS-MC,0.8618591249874756,0.0228592983209022,0.0067525818695383,0.3333333333333333,0.8130718954248366,0.6548812827360078,0.0,0.0181854256617763,0.8381476971464428,0.8839229767180633,0.015219172564931,0.0326330172955208
FR,0.9461738727632056,0.3205144540368797,0.0067525818695383,0.8143790849673203,0.922875816993464,0.7448707549375375,0.0,0.011121035209858,0.9203974022409316,0.9622193770236044,0.1296386781063279,0.4379398735712667
LR,0.9537379086419432,0.2191346835187052,0.0067525818695383,0.8457516339869281,0.9738562091503268,0.7986966440282697,0.0295701297554947,0.0100720850346834,0.933393063894292,0.9653752131744502,0.0964032012320173,0.3297538293515011
RF,0.9793077732907576,0.5876356307271533,0.0067525818695383,0.9411764705882352,0.9856209150326798,0.8541267082260587,0.0155353517521405,0.0072973134882703,0.9678007248268744,0.9856658552690238,0.3570932561838139,0.7009695858478601
XGBoost,0.9778650437883812,0.5892211820922831,0.0067525818695383,0.9281045751633988,0.9882352941176472,0.8413110811976423,0.0029128784535263,0.0062223104822052,0.9652510675263084,0.9854238863938662,0.3728811309096241,0.6952818726190589
LightGBM,0.97539589895056,0.5975055184219943,0.0067525818695383,0.9281045751633988,0.9803921568627452,0.8360636779335892,0.0057374878630064,0.0087932328117122,0.9595013407231024,0.9837095076483108,0.3937738043483342,0.7092429252133781
CatBoost,0.9765551591294892,0.589862500338383,0.0067525818695383,0.9241830065359478,0.9803921568627452,0.8362817848756922,0.0123576661664754,0.0072420807595867,0.9627645440370028,0.9834707296195592,0.3822700865962419,0.690736720763517
PIBE,0.9550933779421568,0.4839073819074768,0.0067525818695383,0.8143790849673203,0.94640522875817,0.7554489125873263,0.0,0.0086848650709787,0.9301231991775598,0.9677921415357432,0.2581383896188709,0.5968624656546473
V0,0.9788041059866146,0.6058747557339831,0.0067525818695383,0.9320261437908496,0.9869281045751634,0.8404141418101715,0.0060022949951452,0.0065654722392457,0.9669139753627214,0.985420034916516,0.3965300339136663,0.7089849991562736
V1,0.9793939415060996,0.6071686468603777,0.0067525818695383,0.938562091503268,0.9869281045751634,0.8465405363804412,0.0062671021272839,0.0062073555642472,0.9678369171264204,0.9860832807950944,0.392840533022033,0.7124691104960812
V2,0.9791239768068968,0.6090719443671055,0.0067525818695383,0.934640522875817,0.9882352941176472,0.8407850688227597,0.0063553711713302,0.0062682882410921,0.9668357028799024,0.9858482700546364,0.3920294944423485,0.7127733125217117
V3,0.9793785259049188,0.6113912009294573,0.0067525818695383,0.9333333333333332,0.9856209150326798,0.844152337969921,0.0067967163915614,0.0065005216748993,0.9670833802973549,0.985845403084304,0.3978232319238475,0.7151708742787949
Blend,0.9695598915564152,0.5055728785597543,0.0067525818695383,0.8810457516339869,0.9803921568627452,0.8135095614191763,0.00070615235237,0.009313903181696,0.9552167663456655,0.9798401424895928,0.2844099019987933,0.63710514671491
