held_out,n_pos,model,AUC,AP,prevalence
NW Himalaya,191,AHP,0.4018135041652851,0.0126958833985699,0.0161045531197301
NW Himalaya,191,TRIGRS-MC,0.4844553901485971,0.0146569928777055,0.0161045531197301
NW Himalaya,191,FR,0.7612197081900001,0.049386712111936,0.0161045531197301
NW Himalaya,191,CatBoost,0.859305476227118,0.1568317926639116,0.0161045531197301
NW Himalaya,191,V0,0.8671451947456433,0.1962734253183754,0.0161045531197301
NW Himalaya,191,V1,0.8570831832137686,0.1742657210540715,0.0161045531197301
NW Himalaya,191,V2,0.8560830840563377,0.1901488549719942,0.0161045531197301
NW Himalaya,191,V3,0.8509327304322233,0.201321215683462,0.0161045531197301
NW Himalaya,191,PIBE,0.7497315794881413,0.0511013736425689,0.0161045531197301
NE India,121,AHP,0.6825356256016196,0.015903407844866,0.0104310344827586
NE India,121,TRIGRS-MC,0.6895113534668771,0.0167163131477916,0.0104310344827586
NE India,121,FR,0.7340918630427536,0.0424598082132781,0.0104310344827586
NE India,121,CatBoost,0.7792649027077113,0.0384474134590555,0.0104310344827586
NE India,121,V0,0.8473727446238513,0.07653844052534,0.0104310344827586
NE India,121,V1,0.8400017567113213,0.0873613687887803,0.0104310344827586
NE India,121,V2,0.8341268532764466,0.0691426234139998,0.0104310344827586
NE India,121,V3,0.8224504826996333,0.0448138449893755,0.0104310344827586
NE India,121,PIBE,0.6903443514171405,0.0153703657282361,0.0104310344827586
Western Ghats,435,AHP,0.8916171400462088,0.1307120156418688,0.0198975391089561
Western Ghats,435,TRIGRS-MC,0.8448624010205193,0.2169583716413857,0.0198975391089561
Western Ghats,435,FR,0.9543693127534334,0.3043627967892608,0.0198975391089561
Western Ghats,435,CatBoost,0.602582089736389,0.0287748985602179,0.0198975391089561
Western Ghats,435,V0,0.7953235497806238,0.0641160077277106,0.0198975391089561
Western Ghats,435,V1,0.7900672102927394,0.0619596773051662,0.0198975391089561
Western Ghats,435,V2,0.8281892702782879,0.0680483335980385,0.0198975391089561
Western Ghats,435,V3,0.7725250503044552,0.0626212954671849,0.0198975391089561
Western Ghats,435,PIBE,0.9255686106636326,0.1515082859706282,0.0198975391089561
NW Himalaya,191,Blend,0.7612197081900001,0.049386712111936,0.0161045531197301
NE India,121,Blend,0.7340918630427536,0.0424598082132781,0.0104310344827586
Western Ghats,435,Blend,0.8281892702782879,0.0680483335980385,0.0198975391089561
