block,method,TSS_lo,TSS_hi,POD_lo,POD_hi,POFD_lo,POFD_hi,alert_rate_lo,alert_rate_hi,POD5_lo,POD5_hi,AUC_lo,AUC_hi,dTSS_SACT_minus_lo,dTSS_SACT_minus_hi,dPOD5_SACT_minus_lo,dPOD5_SACT_minus_hi
cell,Caine (1980),0.07168598675851028,0.15125371954578432,0.09358670717098722,0.17627565982404678,0.01851756016134418,0.028522892013518396,0.018587817032406292,0.0286059109169946,0.1810348404455956,0.27857354028085723,0.8220819339286883,0.8609688002356084,0.407402315685532,0.5195150845836711,-0.1089177489177489,-0.011260628289708734
cell,Guzzetti et al. (2008),0.5482258471132001,0.6284779724112323,0.8052676166292058,0.881826923076923,0.24221807490519298,0.26544061340745123,0.2426626213691713,0.26589744328200937,0.17565757912411153,0.2790682264189413,0.8218028537958765,0.861188786515769,-0.02847884120890432,0.005340165832989538,-0.10610238987816306,-0.010660516368761619
cell,Dahal and Hasegawa (2008),0.2564473954229267,0.3775661074560481,0.330015015015015,0.45485406288916536,0.06833228005680504,0.08535965679967969,0.06858693266639694,0.0855890837477219,0.15105890914087974,0.25122663551401864,0.8180617745093641,0.8592850523431059,0.1995446999885479,0.32642603729366976,-0.09025290736090918,0.021660581922779008
cell,Kanungo and Sharma (2014),0.4188212855595423,0.5293678829045837,0.5646854989057307,0.6745009441596979,0.13356389778054661,0.1532516335678729,0.13396349772807864,0.1536351717040425,0.1959154520161123,0.28743327347039876,0.8219459359440641,0.8587686065063537,0.05323483776230148,0.15012966577193715,-0.12047397047397046,-0.032870736684296055
cell,Mathew et al. (2014),0.5387768620245112,0.6277433830155085,0.7692263265881468,0.8528792642267662,0.21617083131398707,0.2401491954829751,0.2166587924546917,0.24055049243192445,0.1392339390895393,0.23778979803731115,0.8144782948906836,0.8559728077908404,-0.024036270557038816,0.01704457558928758,-0.07908279220779221,0.0373148866870614
cell,Frequentist E-D (T5),0.5080747554142039,0.5723050397489675,0.8698793432291235,0.9322797785503741,0.3487615429852126,0.3708635068265515,0.3491396474634413,0.3713536479402591,0.18960187379813068,0.2792184804716664,0.8095511362415952,0.8416148211059896,0.014350158970766247,0.056252453776982625,-0.11631995388807378,-0.025641025641025647
cell,MaCumBA-type I-D (gap 1 d),0.5051165855990952,0.5752356188786344,0.7492905405405406,0.8181990725796439,0.23377040642518618,0.25296185625083123,0.2341915177586244,0.25337108124613195,0.2616596235113331,0.3581948835872377,0.7911567723453622,0.8295992573498197,-0.0009033519987452095,0.07412241358389297,-0.20197314795407437,-0.08972583045802043
cell,TRIGRS (FS<1),0.15988825066219167,0.2884421093767279,0.23719291180024163,0.3860121991427629,0.07049715959358759,0.10339865552617784,0.07062523446464485,0.10360723753549123,0.13356556642654913,0.2468709430637982,0.6885595589583557,0.7612392010245245,0.292441418933719,0.4275854962516705,-0.10276962461103878,0.046463420799838194
cell,"TRIGRS (FS<1.16, calibrated)",0.3514132224432366,0.4813094951101114,0.636057198464616,0.7848616817695728,0.261158135273052,0.31816108269928395,0.2614780748737304,0.3184726972572013,,,0.6885595589583557,0.7612392010245245,0.09321412573197409,0.23457120516319116,,
cell,SACT (proposed),0.5407218051479719,0.6150280914131334,0.8264742014742015,0.8962114093032254,0.2715693767890341,0.29224233710083275,0.2720367153301324,0.29267344814380236,0.1211861122060176,0.2143058235895107,0.8090623835756858,0.8491691438963034,0.0,0.0,0.0,0.0
cell,LR,0.553586161509686,0.6334506082081045,0.7918395595348359,0.8776107472438994,0.23268310506250334,0.253873947217918,0.23314665231768966,0.2543300567622851,0.37912358268558793,0.49020212172847843,0.8606120050379072,0.8948188499126838,-0.05261566064105309,0.029352292794419317,-0.32404834882341305,-0.2081478762967313
cell,RF,0.5564733080207319,0.6413976197079544,0.7646812920120761,0.8494416490112994,0.1977490351955305,0.21997273293120398,0.19820444524473727,0.22042084499514858,0.4066436686271553,0.506625386021302,0.8652143294041733,0.895708122890311,-0.06109439575359576,0.02169414269989556,-0.3527537254459246,-0.22891843971631226
cell,XGBoost,0.5499283073419844,0.6436945635937018,0.7303834880312653,0.8352761567857879,0.17639891523301213,0.19796954733929892,0.17679507946823753,0.1984022847034957,0.4008120332705968,0.5143011589690364,0.8701156764876047,0.9027153179582004,-0.0638981924101179,0.020213878927368728,-0.35537351672060413,-0.22668940870695264
cell,LightGBM,0.5521359021755436,0.6385041218753061,0.7597222222222222,0.8478931500730875,0.19645723244496008,0.21931265146509227,0.1968931740190977,0.21976854445257316,0.39601269116822807,0.513203031511767,0.8653342402905357,0.8994764129811637,-0.05512875251688449,0.0180196519249291,-0.3520861232005356,-0.22204491725768322
cell,CatBoost,0.569904432818975,0.6529322067137621,0.8058510638297872,0.8909388275276126,0.22846676719318348,0.25321007940062046,0.22895036817090936,0.253637741417415,0.41855353357687275,0.5377261342547187,0.8674664277006242,0.89926760244649,-0.069720684367618,0.002350432120437264,-0.3807317073170732,-0.2453574744661096
cell,PI-GBM (proposed),0.5763195731624514,0.6546076329851778,0.8018478013214856,0.8816392928901915,0.2171368600527003,0.24026952413747416,0.21757950693946215,0.2407775314848937,0.39030685347261435,0.5066340138198286,0.871875880731613,0.902629851298825,-0.07723511030063135,-0.004477895799398061,-0.3520861232005356,-0.2161466911569377
region-year,Caine (1980),0.06717948556191297,0.1934924367960796,0.08216549935149157,0.22869201551640528,0.009201494121188406,0.040043051264836704,0.009274428450701597,0.0401384532224208,0.16739296636085627,0.32741860040197324,,,0.38895735373840656,0.5213978716832289,-0.13533403858567022,-0.014485280970961642
region-year,Guzzetti et al. (2008),0.5489809218524422,0.6391554515382916,0.8023713466021158,0.8975991536971957,0.21177830751451038,0.30532557031488977,0.212222035110551,0.3057204014574327,0.16900293191206445,0.324481906392145,,,-0.02403033751113824,-0.0021070828858139002,-0.12637967494926414,-0.016919650538148326
region-year,Dahal and Hasegawa (2008),0.23943287178083072,0.40429594339916963,0.3035613340870548,0.4990306122448979,0.04974398792452158,0.10199298704829392,0.049947480991413176,0.10228449997221818,0.1411496913580247,0.30372560275545335,,,0.17580947856928425,0.33730215288086834,-0.10833638561277562,0.017584434654919233
region-year,Kanungo and Sharma (2014),0.43148106788305474,0.5368053513505895,0.5675798249763482,0.6938459748720335,0.10910960968829538,0.17718739203281986,0.10946816423992928,0.1775219067357437,0.17529746700723714,0.34104604356217255,,,0.051451733859277676,0.13876950900041257,-0.153772045764322,-0.026345496313708743
region-year,Mathew et al. (2014),0.5518393542224189,0.6240825913732978,0.7606113036919349,0.8754589404418183,0.18274705960371573,0.27998774276340527,0.18319460569612359,0.280443806985972,0.12949852394864714,0.2861617763679618,,,-0.02295915731861712,0.01327103199176836,-0.10395898010808326,0.030960464659502137
region-year,Frequentist E-D (T5),0.5027105133533888,0.5748635251838675,0.8651871441437315,0.9324095893046072,0.3208741031516536,0.40476301591753744,0.321241491691036,0.40518305866416826,0.1702641878669276,0.3288231560918169,,,0.012944950575320167,0.06705738404993541,-0.1564445193973784,-0.0011982253900143366
region-year,MaCumBA-type I-D (gap 1 d),0.48153839797485043,0.5953700927436395,0.7472630044606793,0.8297817947582431,0.2081315116558175,0.28444105749141835,0.20854263558162378,0.28484112675066375,0.2468288951535273,0.40858254757973406,,,0.0005371384950502326,0.08477163955128843,-0.221651230833535,-0.09765794260036917
region-year,TRIGRS (FS<1),0.12405668652650795,0.2847307810591395,0.1982506950880445,0.3774057117942009,0.061286818870561,0.10857266735049474,0.061376223185687424,0.10877539709724847,0.09566951511112853,0.2329916067146283,,,0.27440347298450196,0.47461517350902066,-0.08093787688596815,0.0888140253320976
region-year,"TRIGRS (FS<1.16, calibrated)",0.31535370488476916,0.4804304434061137,0.5605498512958504,0.8043572472848789,0.22042903453454246,0.34876723933765735,0.22069291644175668,0.3492014291025329,,,,,0.0842807936727487,0.2891738741260095,,
region-year,SACT (proposed),0.5399870234994271,0.6227125364467095,0.8185304670779302,0.909271012006861,0.23775516123501347,0.3329222515692563,0.23818299919819427,0.33340928796854274,0.12952287913136856,0.20872476580023747,,,0.0,0.0,0.0,0.0
region-year,LR,0.5467043389899607,0.6494655288509958,0.7759209100758396,0.8996969971876985,0.2125231564519353,0.26913010061187165,0.21293391486014163,0.26970705609978435,0.3491448714202221,0.5134898813160769,,,-0.05711680631947754,0.037961716270526254,-0.3482722428548361,-0.18234559861065897
region-year,RF,0.5637856626295742,0.6244468583707719,0.7612895567987119,0.8387125001427478,0.1873195620196975,0.2321709616188518,0.18772269801754674,0.23270898860002207,0.39617155615307054,0.5134898813160769,,,-0.05318112525531893,0.02486429247687223,-0.354289755807028,-0.21952328305996516
region-year,XGBoost,0.5331239714020257,0.6403080397799319,0.7053424517614723,0.8302841561715407,0.16815051415111193,0.20446244144110326,0.16851911905765266,0.20491435648352155,0.39599865402621726,0.5093576841590611,,,-0.061004232291259015,0.04244852197392844,-0.35093474258871327,-0.212055384399944
region-year,LightGBM,0.5368241288638663,0.636173385207717,0.739162941491467,0.8460139542361426,0.18713060257661948,0.22716505502488366,0.1875750026522587,0.22768247148172405,0.3747542134831461,0.5238551446637287,,,-0.052544013580333684,0.03246772892089223,-0.36177986252277267,-0.19585382453675249
region-year,CatBoost,0.5723206642995893,0.6378283604909275,0.7981078132393922,0.8894502988361119,0.2134292020252833,0.26476112550069786,0.21379889016517253,0.2653557206773624,0.40537285989872196,0.5407943647103743,,,-0.06610813209903664,0.01313695347856075,-0.385603808974174,-0.22548093958542492
region-year,PI-GBM (proposed),0.5633538495507272,0.6515393065748479,0.7815829105041563,0.8855021483021484,0.20465787771921623,0.25002902517588227,0.20508667022662375,0.2505888197973213,0.3725907645249309,0.5165114379084967,,,-0.07596905424715787,0.010163589392559456,-0.361496405380334,-0.1849253090659341
