region,n_pos,method,TP,FP,FN,TN,POD,POFD,FAR,CSI,TSS,HSS,AUC
NE India,122,Frequentist E-D (T5),115,70995,7,85210,0.9426229508196722,0.4544988956819564,0.9983827872310505,0.0016170535877497645,0.4881240551377158,0.0016733356478559605,
NE India,122,SACT (proposed),112,57593,10,98612,0.9180327868852459,0.36870138599916774,0.9980590936660602,0.0019405700424499697,0.5493314008860781,0.00231969819225093,
NE India,122,PI-GBM (proposed),110,41446,12,114759,0.9016393442622951,0.2653308152747991,0.9973529694869574,0.0026462663587374902,0.6363085289874959,0.003728104184572555,0.8850005850865377
NW Himalaya,173,Frequentist E-D (T5),153,55396,20,125595,0.884393063583815,0.3060704675923112,0.9972456749896488,0.0027533336932462345,0.5783225959915037,0.00359444880385486,
NW Himalaya,173,SACT (proposed),142,36335,31,144656,0.8208092485549133,0.20075583868811156,0.9961071360035091,0.0038895584529418208,0.6200534098668018,0.005859257917530819,
NW Himalaya,173,PI-GBM (proposed),152,43816,21,137175,0.8786127167630058,0.24208938566006044,0.9965429403202329,0.0034554093068721726,0.6365233311029453,0.004994135475384778,0.9023425716917615
Rest of India,25,Frequentist E-D (T5),20,12187,5,36001,0.8,0.25290528762347475,0.9983615958056853,0.0016377333770062235,0.5470947123765253,0.002237481735515892,
Rest of India,25,SACT (proposed),20,12078,5,36110,0.8,0.2506433136880551,0.9983468341874691,0.0016524828554903743,0.549356686311945,0.0022669333685920415,
Rest of India,25,PI-GBM (proposed),14,7393,11,40795,0.56,0.1534199385739188,0.9981098960442825,0.0018873011593421407,0.4065800614260813,0.0027367443799888942,0.8479480368556487
Western Ghats,57,Frequentist E-D (T5),52,36661,5,65552,0.9122807017543859,0.35867257589543405,0.9985836079862719,0.0014161991393866768,0.5536081258589518,0.0017173356363249918,
Western Ghats,57,SACT (proposed),51,31421,6,70792,0.8947368421052632,0.3074070812910295,0.9983795119471276,0.0016201791727555753,0.5873297608142336,0.0021247999238887755,
Western Ghats,57,PI-GBM (proposed),43,18370,14,83843,0.7543859649122807,0.1797227358555174,0.9976646934231249,0.002333532316709177,0.5746632290567633,0.00354888662130159,0.8730305359928638
