period,method,n_pos,TSS,POD,POFD,AUC,POD5
2013-2016,Caine (1980),376,0.11222884495946665,0.1356382978723404,0.023409452912873756,0.8433242220334778,0.22872340425531915
2013-2016,Guzzetti et al. (2008),376,0.5925982490079356,0.8457446808510638,0.2531464318431282,0.8433322719384551,0.22606382978723405
2013-2016,Dahal and Hasegawa (2008),376,0.31170649995970107,0.3882978723404255,0.07659137238072444,0.8413137047640338,0.20212765957446807
2013-2016,Kanungo and Sharma (2014),376,0.4766017631783145,0.6196808510638298,0.14307908788551527,0.8420527485964304,0.24202127659574468
2013-2016,Mathew et al. (2014),376,0.5839586322461876,0.8111702127659575,0.22721158051976992,0.83857991423268,0.19148936170212766
2013-2016,Frequentist E-D (T5),376,0.5429293366061785,0.901595744680851,0.35866640807467254,0.8263924513818665,0.23670212765957446
2013-2016,MaCumBA-type I-D (gap 1 d),376,0.5415543886918621,0.7845744680851063,0.24302007939324416,0.8120394900133329,0.31117021276595747
2013-2016,TRIGRS (FS<1),376,0.22138639052225806,0.3058510638297872,0.08446467330752916,0.7274882486751844,0.18617021276595744
2013-2016,"TRIGRS (FS<1.16, calibrated)",376,0.4216538910047037,0.7101063829787234,0.28845249197401973,0.7274882486751844,
2013-2016,SACT (proposed),376,0.5803781091399861,0.8617021276595744,0.2813240185195883,0.8317390863262373,0.16489361702127658
2013-2016,LR,376,0.5952864453603838,0.8377659574468085,0.24247951208642474,0.8777250053248997,0.4308510638297872
2013-2016,RF,376,0.5996762829759665,0.8085106382978723,0.20883435532190578,0.8822364091264828,0.4574468085106383
2013-2016,XGBoost,376,0.6007692702104306,0.7872340425531915,0.18646477234276093,0.8883180849000596,0.4601063829787234
2013-2016,LightGBM,376,0.5993089614768752,0.8058510638297872,0.20654210235291204,0.8845985267104518,0.4574468085106383
2013-2016,CatBoost,376,0.6134494893100774,0.8537234042553191,0.24027391494524178,0.885985903414661,0.48138297872340424
2013-2016,PI-GBM (proposed),376,0.6177903360929161,0.8457446808510638,0.22795434475814771,0.889196229663756,0.45478723404255317
