TP,FP,FN,TN,POD,POFD,FAR,CSI,TSS,HSS,method,alert_rate,AUC,AP,POD5,POFD5,TSS5,HSS5,FAR5,alert_rate5
51,11352,326,476245,0.13527851458885942,0.023281521420353283,0.9955274927650618,0.004348196777218859,0.11199699316850614,0.0071737597371490805,Caine (1980),0.0233680482976552,0.8433267245324657,0.0034339002254138136,0.22811671087533156,0.043431358273328176,0.1846853526020034,0.006439775850231622,0.9959554155105113,0.04357404287933374
319,123817,58,363780,0.8461538461538461,0.25393306357504253,0.9974302378036992,0.0025685620883456528,0.5922207825788036,0.0035890059237039325,Guzzetti et al. (2008),0.25439060277801684,0.8433318272374876,0.003386916895470569,0.22546419098143236,0.04329600059065171,0.18216819039078064,0.0063717322674796155,0.9959898093979996,0.04343674048207487
147,37423,230,450174,0.38992042440318303,0.0767498569515399,0.9960873036997604,0.0038888888888888888,0.3131705674516431,0.006227361510829948,Dahal and Hasegawa (2008),0.07699180694053372,0.8412760899118167,0.003172521626875823,0.20159151193633953,0.04301708172937897,0.15857443020696055,0.005584019942644984,0.9963897202033157,0.04313959350293253
234,69893,143,417704,0.6206896551724138,0.14334173508040451,0.9966631967715716,0.0033300128077415683,0.4773479200920093,0.005108871119888334,Kanungo and Sharma (2014),0.1437105255607881,0.842056232581817,0.0037072675224332262,0.2413793103448276,0.04563399692779078,0.19574531341703683,0.0065012710361870615,0.9959269537194522,0.045785226262054946
306,111170,71,376427,0.8116710875331565,0.22799566035065844,0.997255014532276,0.0027432382762423014,0.5836754271824981,0.003937574384605628,Mathew et al. (2014),0.22844659756462435,0.838520161361459,0.003050993409350098,0.1909814323607427,0.04246539662877335,0.14851603573196934,0.005297312636104379,0.9965347964192897,0.04258013746634042
340,175239,37,312358,0.9018567639257294,0.3593931053718542,0.9980635497411422,0.0019360422740524782,0.5424636585538752,0.0023263357317751163,Frequentist E-D (T5),0.35981220310918205,0.8263014513077718,0.004117277686539448,0.23607427055702918,0.05293715917038046,0.18313711138664873,0.005258739679001984,0.9965638392340064,0.05307864763286568
296,118757,81,368840,0.7851458885941645,0.24355564123651294,0.9975137123802004,0.002484597176288885,0.5415902473576515,0.003421862423544769,MaCumBA-type I-D (gap 1 d),0.24397406419194465,0.8123360494212541,0.0051784092494877665,0.3129973474801061,0.05274847876422537,0.2602488687158807,0.007490944618378709,0.9954330830559641,0.05294954239365212
116,42108,261,445489,0.3076923076923077,0.08635820154758951,0.9972527472527473,0.0027303754266211604,0.2213341061447182,0.003920395328119193,TRIGRS (FS<1),0.08652920032624689,0.7268973656545488,0.0021715377635525166,0.1856763925729443,0.04808684220780686,0.13758955036513743,0.004345034720598837,0.9970234298592507,0.04819314143786349
268,141361,109,346236,0.7108753315649867,0.28991359667922484,0.9981077321734956,0.001890812626112969,0.4209617348857619,0.002236873400368413,"TRIGRS (FS<1.16, calibrated)",0.29023882419964997,0.7268973656545488,0.0021715377635525166,,,,,,
325,137427,52,350170,0.8620689655172413,0.2818454584421151,0.997640687612521,0.002358422106760326,0.5802235070751263,0.003169683368021614,SACT (proposed),0.2822937287642374,0.8318930531344075,0.002850501912705825,0.16445623342175067,0.04622875038197528,0.1182274830397754,0.003882081573982525,0.9972570012830155,0.04632009082451114
316,118430,61,369167,0.8381962864721485,0.2428850054450704,0.9973388577299446,0.002659775939128166,0.5953112810270781,0.0037709747683231576,LR,0.24334493231196744,0.8778804858247371,0.014338628092255765,0.4323607427055703,0.04450806711280012,0.38785267559277015,0.01315796803085097,0.9925451635033158,0.044807715165152244
305,101707,72,385890,0.8090185676392573,0.2085882398784242,0.9970101556679606,0.002987735590298186,0.600430327760833,0.004425008483135872,RF,0.20905212162943107,0.8824376556478031,0.008995165435668882,0.4562334217506631,0.04762334468833893,0.40861007706232416,0.012971090666299957,0.9926473731458129,0.047939029538459015
297,90828,80,396769,0.7877984084880637,0.18627678185058563,0.9967407407407407,0.0032564004166438245,0.6015216266374781,0.004960496570660733,XGBoost,0.1867415067196203,0.8885148902889316,0.00940717829474932,0.4588859416445623,0.04595598414264239,0.4129299575019199,0.01357183486537287,0.9923386918205571,0.04627500645526196
304,100705,73,386892,0.8063660477453581,0.20653326415051773,0.9969903671950024,0.0030074592904770383,0.5998327835948404,0.0044643370259104635,LightGBM,0.20699668424957068,0.8848289175885885,0.009904692458238756,0.4562334217506631,0.04593547540284292,0.4102979463478202,0.01349179237102663,0.992379264510412,0.04625246427063737
322,117073,55,370524,0.8541114058355438,0.24010196945428294,0.9972571233868563,0.0027415921668795234,0.6140094363812608,0.003934033984020729,CatBoost,0.24057634218216545,0.8860122555550655,0.008655303700335265,0.48010610079575594,0.04832064184152077,0.43178545895423515,0.013508448557207528,0.9923763794120125,0.04865423157791194
319,111025,58,376572,0.8461538461538461,0.22769828362356617,0.9971350050294583,0.0028635033482343223,0.61845556253028,0.0041771366318405735,PI-GBM (proposed),0.22817609134912925,0.8894099281416733,0.009390130581800367,0.4535809018567639,0.04612005406103811,0.4074608477957258,0.013346736265653117,0.9924533298027274,0.046434851037145425
