model,precision_top1,recall_top1,precision_top5,recall_top5
AHP,0.0035335689045936395,0.00522875816993464,0.01182909604519774,0.08758169934640522
TRIGRS-MC,0.00441696113074205,0.006535947712418301,0.014830508474576272,0.10980392156862745
FR,0.254416961130742,0.3764705882352941,0.08050847457627118,0.596078431372549
LR,0.2597173144876325,0.3843137254901961,0.08792372881355932,0.6509803921568628
RF,0.4125441696113074,0.6104575163398693,0.11634887005649718,0.8614379084967321
XGBoost,0.4196113074204947,0.6209150326797386,0.11334745762711865,0.8392156862745098
LightGBM,0.411660777385159,0.6091503267973856,0.1137005649717514,0.8418300653594771
CatBoost,0.4196113074204947,0.6209150326797386,0.11211158192090395,0.8300653594771242
PIBE,0.34363957597173145,0.5084967320261438,0.09339689265536723,0.6915032679738562
